dataset,family,rep,fam,true_k,k_hat,k_init,m_edges,cand_connected,n_tests,secs
null_gaussian_d2,null,0,knn,1,1,14,36,True,36,2.69
null_gaussian_d2,null,0,gabriel,1,1,14,26,True,26,1.7
null_gaussian_d2,null,0,rng,1,2,14,14,True,14,0.63
null_gaussian_d2,null,1,knn,1,1,13,31,True,31,2.49
null_gaussian_d2,null,1,gabriel,1,1,13,23,True,23,1.45
null_gaussian_d2,null,1,rng,1,2,13,14,True,14,0.63
null_gaussian_d2,null,2,knn,1,1,13,33,True,33,3.1
null_gaussian_d2,null,2,gabriel,1,1,13,24,True,24,1.81
null_gaussian_d2,null,2,rng,1,2,13,13,True,13,0.6
null_gaussian_d2,null,3,knn,1,1,14,36,True,36,2.76
null_gaussian_d2,null,3,gabriel,1,2,14,26,True,26,1.88
null_gaussian_d2,null,3,rng,1,3,14,15,True,15,0.98
null_gaussian_d2,null,4,knn,1,1,14,38,True,38,3.08
null_gaussian_d2,null,4,gabriel,1,1,14,26,True,26,1.45
null_gaussian_d2,null,4,rng,1,3,14,15,True,15,0.64
null_gaussian_d10,null,0,knn,1,1,14,33,True,33,2.27
null_gaussian_d10,null,0,gabriel,1,1,14,83,True,83,10.39
null_gaussian_d10,null,0,rng,1,1,14,23,True,23,1.28
null_gaussian_d10,null,1,knn,1,1,15,39,True,39,3.06
null_gaussian_d10,null,1,gabriel,1,1,15,89,True,89,9.14
null_gaussian_d10,null,1,rng,1,1,15,22,True,22,0.95
null_gaussian_d10,null,2,knn,1,1,15,36,True,36,1.91
null_gaussian_d10,null,2,gabriel,1,1,15,92,True,92,10.76
null_gaussian_d10,null,2,rng,1,1,15,24,True,24,1.21
null_gaussian_d10,null,3,knn,1,1,16,38,True,38,2.19
null_gaussian_d10,null,3,gabriel,1,1,16,103,True,103,10.6
null_gaussian_d10,null,3,rng,1,1,16,24,True,24,1.17
null_gaussian_d10,null,4,knn,1,1,13,32,True,32,2.3
null_gaussian_d10,null,4,gabriel,1,1,13,66,True,66,6.5
null_gaussian_d10,null,4,rng,1,1,13,14,True,14,0.48
null_uniform_d2,null,0,knn,1,1,15,35,True,35,2.45
null_uniform_d2,null,0,gabriel,1,1,15,26,True,26,1.65
null_uniform_d2,null,0,rng,1,1,15,20,True,20,0.96
null_uniform_d2,null,1,knn,1,1,14,33,True,33,2.2
null_uniform_d2,null,1,gabriel,1,1,14,26,True,26,1.63
null_uniform_d2,null,1,rng,1,3,14,17,True,17,0.92
null_uniform_d2,null,2,knn,1,1,17,41,True,41,3.16
null_uniform_d2,null,2,gabriel,1,1,17,33,True,33,2.42
null_uniform_d2,null,2,rng,1,1,17,24,True,24,1.08
null_uniform_d2,null,3,knn,1,1,17,42,True,42,2.41
null_uniform_d2,null,3,gabriel,1,1,17,31,True,31,1.45
null_uniform_d2,null,3,rng,1,1,17,24,True,24,0.79
null_uniform_d2,null,4,knn,1,1,14,33,True,33,2.58
null_uniform_d2,null,4,gabriel,1,1,14,26,True,26,1.87
null_uniform_d2,null,4,rng,1,1,14,17,True,17,0.93
null_uniform_d10,null,0,knn,1,1,16,36,True,36,2.17
null_uniform_d10,null,0,gabriel,1,1,16,105,True,105,11.93
null_uniform_d10,null,0,rng,1,1,16,25,True,25,0.96
null_uniform_d10,null,1,knn,1,1,14,31,True,31,1.79
null_uniform_d10,null,1,gabriel,1,1,14,83,True,83,11.0
null_uniform_d10,null,1,rng,1,1,14,20,True,20,1.28
null_uniform_d10,null,2,knn,1,1,14,33,True,33,2.57
null_uniform_d10,null,2,gabriel,1,1,14,83,True,83,10.28
null_uniform_d10,null,2,rng,1,1,14,20,True,20,1.09
null_uniform_d10,null,3,knn,1,1,14,32,True,32,2.54
null_uniform_d10,null,3,gabriel,1,1,14,81,True,81,9.43
null_uniform_d10,null,3,rng,1,1,14,20,True,20,1.12
null_uniform_d10,null,4,knn,1,1,17,40,True,40,2.46
null_uniform_d10,null,4,gabriel,1,1,17,115,True,115,14.17
null_uniform_d10,null,4,rng,1,1,17,28,True,28,1.48
null_t3_d2,null,0,knn,1,2,9,26,True,26,2.39
null_t3_d2,null,0,gabriel,1,2,9,13,True,13,1.14
null_t3_d2,null,0,rng,1,5,9,9,True,9,0.79
null_t3_d2,null,1,knn,1,1,1,0,True,0,0.0
null_t3_d2,null,1,gabriel,1,1,1,0,True,0,0.0
null_t3_d2,null,1,rng,1,1,1,0,True,0,0.0
null_t3_d2,null,2,knn,1,1,9,25,True,25,2.24
null_t3_d2,null,2,gabriel,1,3,9,13,True,13,0.91
null_t3_d2,null,2,rng,1,3,9,8,True,8,0.53
null_t3_d2,null,3,knn,1,1,10,28,True,28,2.09
null_t3_d2,null,3,gabriel,1,3,10,13,True,13,1.12
null_t3_d2,null,3,rng,1,4,10,9,True,9,0.84
null_t3_d2,null,4,knn,1,1,7,17,True,17,2.24
null_t3_d2,null,4,gabriel,1,3,7,11,True,11,1.45
null_t3_d2,null,4,rng,1,4,7,6,True,6,0.94
null_t3_d10,null,0,knn,1,1,4,10,True,10,0.62
null_t3_d10,null,0,gabriel,1,1,4,6,True,6,0.22
null_t3_d10,null,0,rng,1,1,4,3,True,3,0.11
null_t3_d10,null,1,knn,1,1,2,3,True,3,0.14
null_t3_d10,null,1,gabriel,1,1,2,1,True,1,0.07
null_t3_d10,null,1,rng,1,1,2,1,True,1,0.06
null_t3_d10,null,2,knn,1,1,9,23,True,23,1.93
null_t3_d10,null,2,gabriel,1,1,9,35,True,35,2.56
null_t3_d10,null,2,rng,1,2,9,10,True,10,0.62
null_t3_d10,null,3,knn,1,1,1,0,True,0,0.0
null_t3_d10,null,3,gabriel,1,1,1,0,True,0,0.0
null_t3_d10,null,3,rng,1,1,1,0,True,0,0.0
null_t3_d10,null,4,knn,1,1,4,10,True,10,1.16
null_t3_d10,null,4,gabriel,1,1,4,6,True,6,0.65
null_t3_d10,null,4,rng,1,2,4,3,True,3,0.48
null_aniso_d2,null,0,knn,1,1,16,39,True,39,3.02
null_aniso_d2,null,0,gabriel,1,1,16,23,True,23,1.26
null_aniso_d2,null,0,rng,1,1,16,16,True,16,0.76
null_aniso_d2,null,1,knn,1,1,15,38,True,38,3.84
null_aniso_d2,null,1,gabriel,1,1,15,23,True,23,2.25
null_aniso_d2,null,1,rng,1,2,15,18,True,18,1.7
null_aniso_d2,null,2,knn,1,1,12,30,True,30,2.67
null_aniso_d2,null,2,gabriel,1,1,12,14,True,14,0.7
null_aniso_d2,null,2,rng,1,1,12,12,True,12,0.45
null_aniso_d2,null,3,knn,1,1,14,34,True,34,1.99
null_aniso_d2,null,3,gabriel,1,1,14,20,True,20,0.81
null_aniso_d2,null,3,rng,1,1,14,13,True,13,0.39
null_aniso_d2,null,4,knn,1,1,15,37,True,37,2.54
null_aniso_d2,null,4,gabriel,1,3,15,21,True,21,1.05
null_aniso_d2,null,4,rng,1,3,15,15,True,15,0.5
null_aniso_d10,null,0,knn,1,1,15,36,True,36,1.6
null_aniso_d10,null,0,gabriel,1,1,15,44,True,44,2.25
null_aniso_d10,null,0,rng,1,1,15,19,True,19,0.68
null_aniso_d10,null,1,knn,1,1,15,37,True,37,2.18
null_aniso_d10,null,1,gabriel,1,1,15,55,True,55,4.23
null_aniso_d10,null,1,rng,1,1,15,19,True,19,0.71
null_aniso_d10,null,2,knn,1,1,16,38,True,38,2.61
null_aniso_d10,null,2,gabriel,1,1,16,55,True,55,5.03
null_aniso_d10,null,2,rng,1,1,16,24,True,24,0.93
null_aniso_d10,null,3,knn,1,1,16,41,True,41,2.4
null_aniso_d10,null,3,gabriel,1,1,16,45,True,45,3.34
null_aniso_d10,null,3,rng,1,1,16,21,True,21,1.01
null_aniso_d10,null,4,knn,1,1,13,31,True,31,3.44
null_aniso_d10,null,4,gabriel,1,1,13,32,True,32,3.87
null_aniso_d10,null,4,rng,1,2,13,14,True,14,1.24
sep_k2_d2,sep,0,knn,2,2,18,44,False,44,4.73
sep_k2_d2,sep,0,gabriel,2,2,18,33,True,33,2.72
sep_k2_d2,sep,0,rng,2,2,18,20,True,20,0.9
sep_k2_d2,sep,1,knn,2,2,21,52,False,52,4.05
sep_k2_d2,sep,1,gabriel,2,2,21,39,True,39,2.35
sep_k2_d2,sep,1,rng,2,2,21,23,True,23,1.29
sep_k2_d2,sep,2,knn,2,3,19,47,False,47,4.43
sep_k2_d2,sep,2,gabriel,2,3,19,29,True,29,1.65
sep_k2_d2,sep,2,rng,2,5,19,22,True,22,1.27
sep_k5_d10,sep,0,knn,5,5,19,46,True,46,4.2
sep_k5_d10,sep,0,gabriel,5,5,19,45,True,45,4.43
sep_k5_d10,sep,0,rng,5,5,19,24,True,24,1.96
sep_k5_d10,sep,1,knn,5,5,17,44,True,44,4.93
sep_k5_d10,sep,1,gabriel,5,5,17,48,True,48,5.49
sep_k5_d10,sep,1,rng,5,5,17,19,True,19,1.44
sep_k5_d10,sep,2,knn,5,5,20,46,False,46,3.05
sep_k5_d10,sep,2,gabriel,5,5,20,66,True,66,5.26
sep_k5_d10,sep,2,rng,5,5,20,21,True,21,0.99
sep_k10_d50,sep,0,knn,10,10,15,43,True,43,13.95
sep_k10_d50,sep,0,gabriel,10,10,15,94,True,94,30.96
sep_k10_d50,sep,0,rng,10,10,15,17,True,17,4.22
sep_k10_d50,sep,1,knn,10,10,18,50,True,50,14.75
sep_k10_d50,sep,1,gabriel,10,10,18,109,True,109,31.67
sep_k10_d50,sep,1,rng,10,10,18,24,True,24,5.61
sep_k10_d50,sep,2,knn,10,10,16,41,True,41,10.82
sep_k10_d50,sep,2,gabriel,10,10,16,85,True,85,27.74
sep_k10_d50,sep,2,rng,10,10,16,19,True,19,5.28
sep_k20_d10,sep,0,knn,20,20,20,53,True,53,6.89
sep_k20_d10,sep,0,gabriel,20,20,20,175,True,175,23.21
sep_k20_d10,sep,0,rng,20,20,20,34,True,34,5.45
sep_k20_d10,sep,1,knn,20,19,19,53,True,53,9.22
sep_k20_d10,sep,1,gabriel,20,19,19,147,True,147,23.02
sep_k20_d10,sep,1,rng,20,19,19,25,True,25,4.34
sep_k20_d10,sep,2,knn,20,20,20,55,True,55,8.48
sep_k20_d10,sep,2,gabriel,20,20,20,170,True,170,23.86
sep_k20_d10,sep,2,rng,20,20,20,31,True,31,4.67
overlap_s4.0,overlap,0,knn,5,5,18,43,True,43,4.06
overlap_s4.0,overlap,0,gabriel,5,5,18,35,True,35,2.84
overlap_s4.0,overlap,0,rng,5,5,18,20,True,20,1.21
overlap_s4.0,overlap,1,knn,5,5,19,45,True,45,3.81
overlap_s4.0,overlap,1,gabriel,5,5,19,37,True,37,2.7
overlap_s4.0,overlap,1,rng,5,6,19,23,True,23,1.35
overlap_s4.0,overlap,2,knn,5,5,20,46,True,46,3.8
overlap_s4.0,overlap,2,gabriel,5,4,20,37,True,37,2.85
overlap_s4.0,overlap,2,rng,5,4,20,28,True,28,1.39
unbal_r20,unbalanced,0,knn,5,5,16,39,True,39,3.84
unbal_r20,unbalanced,0,gabriel,5,5,16,24,True,24,2.36
unbal_r20,unbalanced,0,rng,5,6,16,16,True,16,1.54
unbal_r20,unbalanced,1,knn,5,4,15,37,True,37,4.01
unbal_r20,unbalanced,1,gabriel,5,4,15,23,True,23,1.09
unbal_r20,unbalanced,1,rng,5,4,15,17,True,17,0.67
unbal_r20,unbalanced,2,knn,5,4,20,51,False,51,4.91
unbal_r20,unbalanced,2,gabriel,5,4,20,36,True,36,3.49
unbal_r20,unbalanced,2,rng,5,5,20,23,True,23,1.46
elong_c5,elongated,0,knn,4,4,19,49,True,49,6.83
elong_c5,elongated,0,gabriel,4,3,19,22,True,22,2.3
elong_c5,elongated,0,rng,4,3,19,18,True,18,1.53
elong_c5,elongated,1,knn,4,11,18,47,True,47,6.03
elong_c5,elongated,1,gabriel,4,12,18,26,True,26,3.27
elong_c5,elongated,1,rng,4,11,18,20,True,20,2.19
elong_c5,elongated,2,knn,4,6,19,45,True,45,4.68
elong_c5,elongated,2,gabriel,4,6,19,26,True,26,2.81
elong_c5,elongated,2,rng,4,6,19,19,True,19,1.58
nongauss_t3,nongauss,0,knn,5,5,10,25,True,25,3.74
nongauss_t3,nongauss,0,gabriel,5,5,10,14,True,14,2.01
nongauss_t3,nongauss,0,rng,5,5,10,10,True,10,1.28
nongauss_t3,nongauss,1,knn,5,6,16,38,True,38,4.26
nongauss_t3,nongauss,1,gabriel,5,6,16,26,True,26,2.4
nongauss_t3,nongauss,1,rng,5,6,16,19,True,19,1.77
nongauss_t3,nongauss,2,knn,5,5,10,27,True,27,4.11
nongauss_t3,nongauss,2,gabriel,5,5,10,15,True,15,1.91
nongauss_t3,nongauss,2,rng,5,6,10,9,True,9,1.31
noise_30,noise,0,knn,4,6,10,27,True,27,4.61
noise_30,noise,0,gabriel,4,7,10,14,True,14,2.08
noise_30,noise,0,rng,4,7,10,10,True,10,1.29
noise_30,noise,1,knn,4,6,9,23,True,23,3.53
noise_30,noise,1,gabriel,4,6,9,12,True,12,2.01
noise_30,noise,1,rng,4,6,9,9,True,9,1.52
noise_30,noise,2,knn,4,5,13,33,True,33,4.06
noise_30,noise,2,gabriel,4,5,13,18,True,18,1.88
noise_30,noise,2,rng,4,5,13,13,True,13,1.09
nested_d2,nested,0,knn,6,6,23,55,False,55,4.12
nested_d2,nested,0,gabriel,6,6,23,35,True,35,2.01
nested_d2,nested,0,rng,6,6,23,27,True,27,0.92
nested_d2,nested,1,knn,6,6,23,54,False,54,3.33
nested_d2,nested,1,gabriel,6,6,23,37,True,37,2.41
nested_d2,nested,1,rng,6,6,23,30,True,30,1.58
nested_d2,nested,2,knn,6,6,24,56,False,56,4.45
nested_d2,nested,2,gabriel,6,6,24,37,True,37,2.18
nested_d2,nested,2,rng,6,6,24,30,True,30,1.25
null_gaussian_d2,null,0,gabriel2ec,1,1,14,26,True,26,1.8
null_gaussian_d2,null,0,rng2ec,1,1,14,20,True,20,1.52
null_gaussian_d2,null,1,gabriel2ec,1,1,13,23,True,23,1.45
null_gaussian_d2,null,1,rng2ec,1,1,13,17,True,17,1.02
null_gaussian_d2,null,2,gabriel2ec,1,1,13,24,True,24,1.79
null_gaussian_d2,null,2,rng2ec,1,2,13,18,True,18,0.82
null_gaussian_d2,null,3,gabriel2ec,1,1,14,27,True,27,1.69
null_gaussian_d2,null,3,rng2ec,1,1,14,20,True,20,0.87
null_gaussian_d2,null,4,gabriel2ec,1,1,14,26,True,26,1.45
null_gaussian_d2,null,4,rng2ec,1,2,14,21,True,21,1.24
null_gaussian_d10,null,0,gabriel2ec,1,1,14,83,True,83,9.31
null_gaussian_d10,null,0,rng2ec,1,1,14,23,True,23,1.12
null_gaussian_d10,null,1,gabriel2ec,1,1,15,89,True,89,8.26
null_gaussian_d10,null,1,rng2ec,1,1,15,24,True,24,0.93
null_gaussian_d10,null,2,gabriel2ec,1,1,15,92,True,92,8.57
null_gaussian_d10,null,2,rng2ec,1,1,15,24,True,24,1.15
null_gaussian_d10,null,3,gabriel2ec,1,1,16,103,True,103,11.69
null_gaussian_d10,null,3,rng2ec,1,1,16,24,True,24,1.11
null_gaussian_d10,null,4,gabriel2ec,1,1,13,66,True,66,7.91
null_gaussian_d10,null,4,rng2ec,1,1,13,17,True,17,1.03
null_uniform_d2,null,0,gabriel2ec,1,1,15,26,True,26,1.97
null_uniform_d2,null,0,rng2ec,1,1,15,20,True,20,1.16
null_uniform_d2,null,1,gabriel2ec,1,1,14,26,True,26,1.92
null_uniform_d2,null,1,rng2ec,1,2,14,19,True,19,1.12
null_uniform_d2,null,2,gabriel2ec,1,1,17,33,True,33,2.54
null_uniform_d2,null,2,rng2ec,1,1,17,24,True,24,1.35
null_uniform_d2,null,3,gabriel2ec,1,1,17,31,True,31,1.84
null_uniform_d2,null,3,rng2ec,1,1,17,24,True,24,1.01
null_uniform_d2,null,4,gabriel2ec,1,1,14,26,True,26,2.41
null_uniform_d2,null,4,rng2ec,1,1,14,18,True,18,1.13
null_uniform_d10,null,0,gabriel2ec,1,1,16,105,True,105,11.99
null_uniform_d10,null,0,rng2ec,1,1,16,25,True,25,0.93
null_uniform_d10,null,1,gabriel2ec,1,1,14,83,True,83,9.62
null_uniform_d10,null,1,rng2ec,1,1,14,21,True,21,1.06
null_uniform_d10,null,2,gabriel2ec,1,1,14,83,True,83,10.67
null_uniform_d10,null,2,rng2ec,1,1,14,21,True,21,1.29
null_uniform_d10,null,3,gabriel2ec,1,1,14,81,True,81,11.53
null_uniform_d10,null,3,rng2ec,1,1,14,21,True,21,1.94
null_uniform_d10,null,4,gabriel2ec,1,1,17,115,True,115,13.11
null_uniform_d10,null,4,rng2ec,1,1,17,28,True,28,1.85
null_t3_d2,null,0,gabriel2ec,1,2,9,13,True,13,1.32
null_t3_d2,null,0,rng2ec,1,4,9,13,True,13,1.59
null_t3_d2,null,1,gabriel2ec,1,1,1,0,True,0,0.0
null_t3_d2,null,1,rng2ec,1,1,1,0,True,0,0.0
null_t3_d2,null,2,gabriel2ec,1,3,9,15,True,15,1.43
null_t3_d2,null,2,rng2ec,1,3,9,14,True,14,1.52
null_t3_d2,null,3,gabriel2ec,1,2,10,15,True,15,1.44
null_t3_d2,null,3,rng2ec,1,2,10,16,True,16,1.09
null_t3_d2,null,4,gabriel2ec,1,3,7,11,True,11,1.39
null_t3_d2,null,4,rng2ec,1,3,7,11,True,11,1.47
null_t3_d10,null,0,gabriel2ec,1,1,4,6,True,6,0.27
null_t3_d10,null,0,rng2ec,1,1,4,5,True,5,0.22
null_t3_d10,null,1,gabriel2ec,1,1,2,1,True,1,0.07
null_t3_d10,null,1,rng2ec,1,1,2,1,True,1,0.07
null_t3_d10,null,2,gabriel2ec,1,1,9,35,True,35,2.32
null_t3_d10,null,2,rng2ec,1,1,9,13,True,13,0.64
null_t3_d10,null,3,gabriel2ec,1,1,1,0,True,0,0.0
null_t3_d10,null,3,rng2ec,1,1,1,0,True,0,0.0
null_t3_d10,null,4,gabriel2ec,1,1,4,6,True,6,0.63
null_t3_d10,null,4,rng2ec,1,1,4,5,True,5,0.49
null_aniso_d2,null,0,gabriel2ec,1,1,16,26,True,26,1.52
null_aniso_d2,null,0,rng2ec,1,1,16,24,True,24,1.37
null_aniso_d2,null,1,gabriel2ec,1,1,15,26,True,26,2.41
null_aniso_d2,null,1,rng2ec,1,2,15,21,True,21,1.72
null_aniso_d2,null,2,gabriel2ec,1,1,12,18,True,18,1.17
null_aniso_d2,null,2,rng2ec,1,1,12,18,True,18,1.2
null_aniso_d2,null,3,gabriel2ec,1,1,14,23,True,23,1.32
null_aniso_d2,null,3,rng2ec,1,1,14,22,True,22,1.21
null_aniso_d2,null,4,gabriel2ec,1,2,15,24,True,24,1.63
null_aniso_d2,null,4,rng2ec,1,2,15,22,True,22,1.39
null_aniso_d10,null,0,gabriel2ec,1,1,15,44,True,44,2.99
null_aniso_d10,null,0,rng2ec,1,1,15,23,True,23,1.23
null_aniso_d10,null,1,gabriel2ec,1,1,15,55,True,55,4.91
null_aniso_d10,null,1,rng2ec,1,1,15,22,True,22,0.93
null_aniso_d10,null,2,gabriel2ec,1,1,16,55,True,55,4.13
null_aniso_d10,null,2,rng2ec,1,1,16,24,True,24,0.74
null_aniso_d10,null,3,gabriel2ec,1,1,16,45,True,45,2.63
null_aniso_d10,null,3,rng2ec,1,1,16,24,True,24,0.77
null_aniso_d10,null,4,gabriel2ec,1,1,13,32,True,32,2.94
null_aniso_d10,null,4,rng2ec,1,1,13,18,True,18,1.27
sep_k2_d2,sep,0,gabriel2ec,2,2,18,33,True,33,2.27
sep_k2_d2,sep,0,rng2ec,2,2,18,27,True,27,2.06
sep_k2_d2,sep,1,gabriel2ec,2,2,21,40,True,40,2.56
sep_k2_d2,sep,1,rng2ec,2,2,21,31,True,31,1.82
sep_k2_d2,sep,2,gabriel2ec,2,3,19,31,True,31,2.08
sep_k2_d2,sep,2,rng2ec,2,3,19,28,True,28,2.04
sep_k5_d10,sep,0,gabriel2ec,5,5,19,45,True,45,4.78
sep_k5_d10,sep,0,rng2ec,5,5,19,26,True,26,2.13
sep_k5_d10,sep,1,gabriel2ec,5,5,17,48,True,48,5.39
sep_k5_d10,sep,1,rng2ec,5,5,17,23,True,23,1.48
sep_k5_d10,sep,2,gabriel2ec,5,5,20,66,True,66,6.49
sep_k5_d10,sep,2,rng2ec,5,5,20,26,True,26,1.53
sep_k10_d50,sep,0,gabriel2ec,10,10,15,94,True,94,30.34
sep_k10_d50,sep,0,rng2ec,10,10,15,21,True,21,5.94
sep_k10_d50,sep,1,gabriel2ec,10,10,18,109,True,109,29.31
sep_k10_d50,sep,1,rng2ec,10,10,18,27,True,27,6.78
sep_k10_d50,sep,2,gabriel2ec,10,10,16,85,True,85,23.59
sep_k10_d50,sep,2,rng2ec,10,10,16,22,True,22,5.37
sep_k20_d10,sep,0,gabriel2ec,20,20,20,175,True,175,21.95
sep_k20_d10,sep,0,rng2ec,20,20,20,34,True,34,4.55
sep_k20_d10,sep,1,gabriel2ec,20,19,19,147,True,147,24.38
sep_k20_d10,sep,1,rng2ec,20,19,19,29,True,29,5.53
sep_k20_d10,sep,2,gabriel2ec,20,20,20,170,True,170,29.21
sep_k20_d10,sep,2,rng2ec,20,20,20,33,True,33,6.04
overlap_s4.0,overlap,0,gabriel2ec,5,5,18,35,True,35,3.37
overlap_s4.0,overlap,0,rng2ec,5,5,18,26,True,26,2.12
overlap_s4.0,overlap,1,gabriel2ec,5,5,19,37,True,37,3.12
overlap_s4.0,overlap,1,rng2ec,5,6,19,25,True,25,1.5
overlap_s4.0,overlap,2,gabriel2ec,5,4,20,37,True,37,2.9
overlap_s4.0,overlap,2,rng2ec,5,4,20,28,True,28,1.55
unbal_r20,unbalanced,0,gabriel2ec,5,5,16,26,True,26,2.47
unbal_r20,unbalanced,0,rng2ec,5,5,16,23,True,23,2.38
unbal_r20,unbalanced,1,gabriel2ec,5,4,15,23,True,23,1.29
unbal_r20,unbalanced,1,rng2ec,5,4,15,22,True,22,1.44
unbal_r20,unbalanced,2,gabriel2ec,5,4,20,37,True,37,3.15
unbal_r20,unbalanced,2,rng2ec,5,4,20,30,True,30,2.72
elong_c5,elongated,0,gabriel2ec,4,4,19,29,True,29,2.98
elong_c5,elongated,0,rng2ec,4,4,19,33,True,33,3.51
elong_c5,elongated,1,gabriel2ec,4,10,18,32,True,32,4.43
elong_c5,elongated,1,rng2ec,4,10,18,27,True,27,4.06
elong_c5,elongated,2,gabriel2ec,4,6,19,29,True,29,3.25
elong_c5,elongated,2,rng2ec,4,6,19,24,True,24,2.47
nongauss_t3,nongauss,0,gabriel2ec,5,5,10,15,True,15,1.97
nongauss_t3,nongauss,0,rng2ec,5,5,10,13,True,13,1.62
nongauss_t3,nongauss,1,gabriel2ec,5,6,16,26,True,26,2.26
nongauss_t3,nongauss,1,rng2ec,5,6,16,20,True,20,1.88
nongauss_t3,nongauss,2,gabriel2ec,5,5,10,16,True,16,2.35
nongauss_t3,nongauss,2,rng2ec,5,5,10,15,True,15,2.0
noise_30,noise,0,gabriel2ec,4,7,10,14,True,14,2.03
noise_30,noise,0,rng2ec,4,7,10,11,True,11,1.55
noise_30,noise,1,gabriel2ec,4,6,9,12,True,12,1.97
noise_30,noise,1,rng2ec,4,7,9,10,True,10,1.64
noise_30,noise,2,gabriel2ec,4,5,13,18,True,18,1.9
noise_30,noise,2,rng2ec,4,5,13,16,True,16,1.69
nested_d2,nested,0,gabriel2ec,6,6,23,35,True,35,1.89
nested_d2,nested,0,rng2ec,6,6,23,33,True,33,1.77
nested_d2,nested,1,gabriel2ec,6,6,23,37,True,37,2.23
nested_d2,nested,1,rng2ec,6,6,23,31,True,31,1.73
nested_d2,nested,2,gabriel2ec,6,6,24,37,True,37,1.75
nested_d2,nested,2,rng2ec,6,6,24,34,True,34,1.52
null_gaussian_d2,null,0,knn2ec,1,1,14,36,True,36,3.23
null_gaussian_d2,null,1,knn2ec,1,1,13,31,True,31,2.59
null_gaussian_d2,null,2,knn2ec,1,1,13,33,True,33,3.25
null_gaussian_d2,null,3,knn2ec,1,1,14,36,True,36,2.74
null_gaussian_d2,null,4,knn2ec,1,1,14,38,True,38,2.56
null_gaussian_d10,null,0,knn2ec,1,1,14,33,True,33,2.04
null_gaussian_d10,null,1,knn2ec,1,1,15,39,True,39,2.15
null_gaussian_d10,null,2,knn2ec,1,1,15,36,True,36,1.78
null_gaussian_d10,null,3,knn2ec,1,1,16,38,True,38,1.98
null_gaussian_d10,null,4,knn2ec,1,1,13,32,True,32,2.49
null_uniform_d2,null,0,knn2ec,1,1,15,35,True,35,3.13
null_uniform_d2,null,1,knn2ec,1,1,14,33,True,33,2.8
null_uniform_d2,null,2,knn2ec,1,1,17,41,True,41,3.47
null_uniform_d2,null,3,knn2ec,1,1,17,42,True,42,3.23
null_uniform_d2,null,4,knn2ec,1,1,14,33,True,33,3.38
null_uniform_d10,null,0,knn2ec,1,1,16,36,True,36,2.76
null_uniform_d10,null,1,knn2ec,1,1,14,31,True,31,2.21
null_uniform_d10,null,2,knn2ec,1,1,14,33,True,33,2.56
null_uniform_d10,null,3,knn2ec,1,1,14,32,True,32,2.47
null_uniform_d10,null,4,knn2ec,1,1,17,40,True,40,2.7
null_t3_d2,null,0,knn2ec,1,2,9,26,True,26,3.07
null_t3_d2,null,1,knn2ec,1,1,1,0,True,0,0.0
null_t3_d2,null,2,knn2ec,1,1,9,25,True,25,2.78
null_t3_d2,null,3,knn2ec,1,1,10,28,True,28,2.57
null_t3_d2,null,4,knn2ec,1,1,7,17,True,17,2.19
null_t3_d10,null,0,knn2ec,1,1,4,10,True,10,0.98
null_t3_d10,null,1,knn2ec,1,1,2,3,True,3,0.54
null_t3_d10,null,2,knn2ec,1,1,9,23,True,23,2.04
null_t3_d10,null,3,knn2ec,1,1,1,0,True,0,0.0
null_t3_d10,null,4,knn2ec,1,1,4,10,True,10,0.45
null_aniso_d2,null,0,knn2ec,1,1,16,39,True,39,3.37
null_aniso_d2,null,1,knn2ec,1,1,15,38,True,38,3.86
null_aniso_d2,null,2,knn2ec,1,1,12,30,True,30,2.59
null_aniso_d2,null,3,knn2ec,1,1,14,34,True,34,2.57
null_aniso_d2,null,4,knn2ec,1,1,15,37,True,37,3.13
null_aniso_d10,null,0,knn2ec,1,1,15,36,True,36,1.95
null_aniso_d10,null,1,knn2ec,1,1,15,37,True,37,2.92
null_aniso_d10,null,2,knn2ec,1,1,16,38,True,38,2.79
null_aniso_d10,null,3,knn2ec,1,1,16,41,True,41,2.34
null_aniso_d10,null,4,knn2ec,1,1,13,31,True,31,2.62
sep_k2_d2,sep,0,knn2ec,2,2,18,44,True,44,3.56
sep_k2_d2,sep,1,knn2ec,2,2,21,52,True,52,3.84
sep_k2_d2,sep,2,knn2ec,2,3,19,47,True,47,4.47
sep_k5_d10,sep,0,knn2ec,5,5,19,46,True,46,4.42
sep_k5_d10,sep,1,knn2ec,5,5,17,44,True,44,4.11
sep_k5_d10,sep,2,knn2ec,5,5,20,46,True,46,3.33
sep_k10_d50,sep,0,knn2ec,10,10,15,43,True,43,12.82
sep_k10_d50,sep,1,knn2ec,10,10,18,50,True,50,14.68
sep_k10_d50,sep,2,knn2ec,10,10,16,41,True,41,12.53
sep_k20_d10,sep,0,knn2ec,20,20,20,53,True,53,8.21
sep_k20_d10,sep,1,knn2ec,20,19,19,53,True,53,6.93
sep_k20_d10,sep,2,knn2ec,20,20,20,55,True,55,6.79
overlap_s4.0,overlap,0,knn2ec,5,5,18,43,True,43,3.09
overlap_s4.0,overlap,1,knn2ec,5,5,19,45,True,45,2.91
overlap_s4.0,overlap,2,knn2ec,5,5,20,46,True,46,3.78
unbal_r20,unbalanced,0,knn2ec,5,5,16,39,True,39,4.57
unbal_r20,unbalanced,1,knn2ec,5,4,15,37,True,37,3.82
unbal_r20,unbalanced,2,knn2ec,5,4,20,51,True,51,5.29
elong_c5,elongated,0,knn2ec,4,4,19,50,True,50,5.36
elong_c5,elongated,1,knn2ec,4,11,18,47,True,47,5.68
elong_c5,elongated,2,knn2ec,4,6,19,45,True,45,4.63
nongauss_t3,nongauss,0,knn2ec,5,5,10,25,True,25,3.36
nongauss_t3,nongauss,1,knn2ec,5,6,16,38,True,38,3.62
nongauss_t3,nongauss,2,knn2ec,5,5,10,27,True,27,3.65
noise_30,noise,0,knn2ec,4,6,10,27,True,27,4.04
noise_30,noise,1,knn2ec,4,6,9,23,True,23,3.43
noise_30,noise,2,knn2ec,4,5,13,33,True,33,3.27
nested_d2,nested,0,knn2ec,6,6,23,55,True,55,4.14
nested_d2,nested,1,knn2ec,6,6,23,54,True,54,3.94
nested_d2,nested,2,knn2ec,6,6,24,56,True,56,4.17
