dataset,family,rep,true_k,method,k_hat,ARI,n_tests,sep_evidence,runtime
sep_k2_d2,sep,1,2,CDK repaired R1999,2,1.0,52,0.1153846153846153,84.33984732627869
sep_k2_d2,sep,0,2,CDK repaired R1999,2,1.0,44,0.2045454545454545,102.88210344314577
sep_k2_d2,sep,2,2,CDK repaired R1999,2,1.0,47,0.1063829787234042,79.04133105278015
sep_k2_d2,sep,3,2,CDK repaired R1999,2,1.0,41,0.2195121951219512,101.76867532730104
sep_k2_d2,sep,4,2,CDK repaired R1999,2,1.0,48,0.2291666666666666,109.70280647277832
sep_k2_d2,sep,5,2,CDK repaired R1999,2,1.0,47,0.1276595744680851,92.24714136123656
sep_k2_d2,sep,6,2,CDK repaired R1999,2,1.0,39,0.1794871794871795,85.27036905288696
sep_k2_d2,sep,7,2,CDK repaired R1999,2,1.0,54,0.1296296296296296,93.95977687835692
sep_k2_d2,sep,8,2,CDK repaired R1999,2,1.0,42,0.1904761904761904,91.55876970291138
sep_k2_d2,sep,9,2,CDK repaired R1999,2,1.0,38,0.131578947368421,79.10237407684326
sep_k2_d10,sep,0,2,CDK repaired R1999,2,1.0,50,0.0,41.49385595321655
sep_k2_d10,sep,1,2,CDK repaired R1999,2,1.0,49,0.0,42.53695344924927
sep_k2_d10,sep,2,2,CDK repaired R1999,2,1.0,41,0.024390243902439,43.27791690826416
sep_k2_d10,sep,3,2,CDK repaired R1999,2,1.0,44,0.0,40.545647382736206
sep_k2_d10,sep,5,2,CDK repaired R1999,2,1.0,45,0.0,25.265278577804565
sep_k2_d10,sep,4,2,CDK repaired R1999,2,1.0,52,0.0,48.78241539001465
sep_k2_d10,sep,7,2,CDK repaired R1999,2,1.0,42,0.0,28.002036809921265
sep_k2_d10,sep,6,2,CDK repaired R1999,2,1.0,51,0.0,34.11718416213989
sep_k2_d10,sep,9,2,CDK repaired R1999,2,1.0,50,0.0,25.337553024291992
sep_k2_d50,sep,0,2,CDK repaired R1999,2,1.0,33,0.0,10.04356837272644
sep_k2_d50,sep,1,2,CDK repaired R1999,2,1.0,45,0.0,5.879674673080444
sep_k2_d50,sep,2,2,CDK repaired R1999,2,1.0,36,0.0,21.051480293273926
sep_k2_d50,sep,3,2,CDK repaired R1999,2,1.0,44,0.0,17.17043423652649
sep_k2_d50,sep,4,2,CDK repaired R1999,2,1.0,36,0.0,15.055848360061646
sep_k3_d2,sep,0,3,CDK repaired R1999,3,1.0,34,0.2647058823529412,69.7394917011261
sep_k3_d2,sep,1,3,CDK repaired R1999,3,1.0,30,0.16666666666666666,64.66480207443237
sep_k3_d2,sep,2,3,CDK repaired R1999,3,0.9962429541292189,30,0.26666666666666666,53.26969313621521
sep_k3_d2,sep,3,3,CDK repaired R1999,3,1.0,36,0.1111111111111111,62.846362829208374
sep_k3_d2,sep,4,3,CDK repaired R1999,3,1.0,34,0.23529411764705882,68.35165166854858
sep_k3_d10,sep,0,3,CDK repaired R1999,3,1.0,46,0.021739130434782608,65.27311682701111
sep_k3_d10,sep,1,3,CDK repaired R1999,3,1.0,43,0.0,34.46191763877869
sep_k3_d10,sep,2,3,CDK repaired R1999,3,1.0,46,0.021739130434782608,33.62365221977234
sep_k3_d10,sep,3,3,CDK repaired R1999,3,1.0,39,0.02564102564102564,38.4819221496582
sep_k3_d10,sep,4,3,CDK repaired R1999,3,1.0,39,0.0,50.151599407196045
sep_k3_d50,sep,1,3,CDK repaired R1999,3,1.0,38,0.0,4.581128835678101
sep_k3_d50,sep,0,3,CDK repaired R1999,3,1.0,34,0.11764705882352941,31.122103214263916
sep_k3_d50,sep,2,3,CDK repaired R1999,3,1.0,44,0.0,6.055887222290039
sep_k3_d50,sep,4,3,CDK repaired R1999,3,1.0,34,0.0,4.409793376922607
sep_k3_d50,sep,3,3,CDK repaired R1999,3,1.0,33,0.21212121212121213,67.48055529594421
sep_k5_d2,sep,0,5,CDK repaired R1999,5,0.981463313194489,40,0.425,91.84167218208313
sep_k5_d2,sep,1,5,CDK repaired R1999,5,0.9785020843697608,38,0.4473684210526316,88.79048275947571
sep_k5_d2,sep,2,5,CDK repaired R1999,5,1.0,41,0.4878048780487805,94.81239151954651
sep_k5_d2,sep,3,5,CDK repaired R1999,5,0.9439888565124597,41,0.4146341463414634,97.64425897598267
sep_k5_d2,sep,4,5,CDK repaired R1999,5,0.9814335452659734,41,0.4878048780487805,77.54356384277344
sep_k5_d10,sep,0,5,CDK repaired R1999,5,0.9968691099886755,46,0.41304347826086957,84.97557997703552
sep_k5_d10,sep,1,5,CDK repaired R1999,5,0.9968691099886755,44,0.5227272727272727,87.7782552242279
sep_k5_d10,sep,2,5,CDK repaired R1999,5,0.9968691099886755,46,0.32608695652173914,64.45425176620483
sep_k5_d10,sep,3,5,CDK repaired R1999,5,0.9691923778047782,46,0.43478260869565216,90.94094347953796
sep_k5_d10,sep,4,5,CDK repaired R1999,5,0.9968691099886755,45,0.4444444444444444,90.02609467506409
sep_k5_d50,sep,0,5,CDK repaired R1999,5,0.9844251718430678,43,0.5116279069767442,136.59645795822144
sep_k5_d50,sep,1,5,CDK repaired R1999,5,1.0,42,0.47619047619047616,135.4179413318634
sep_k5_d50,sep,2,5,CDK repaired R1999,5,0.9968691099886755,39,0.5128205128205128,143.078852891922
sep_k5_d50,sep,3,5,CDK repaired R1999,5,1.0,45,0.4444444444444444,121.46094679832458
sep_k10_d2,sep,0,10,CDK repaired R1999,9,0.880607691197348,47,0.7872340425531915,124.53454446792603
sep_k5_d50,sep,4,5,CDK repaired R1999,5,0.9968691099886755,29,0.6551724137931034,156.04985213279724
sep_k10_d2,sep,1,10,CDK repaired R1999,9,0.8795304673571492,49,0.7755102040816326,132.21264386177063
sep_k10_d2,sep,2,10,CDK repaired R1999,10,0.978234940587205,47,0.8085106382978723,135.914883852005
sep_k10_d2,sep,3,10,CDK repaired R1999,9,0.8917973631583915,52,0.7884615384615384,139.41566371917725
sep_k10_d2,sep,4,10,CDK repaired R1999,10,0.9944517015171701,50,0.8,130.1198935508728
sep_k10_d10,sep,1,10,CDK repaired R1999,10,0.9861647593691866,50,0.82,151.86095476150513
sep_k10_d10,sep,0,10,CDK repaired R1999,10,0.9646751971144223,50,0.84,165.2411835193634
sep_k10_d10,sep,2,10,CDK repaired R1999,10,0.9452503589318512,44,0.8181818181818182,144.02945184707642
sep_k10_d10,sep,3,10,CDK repaired R1999,10,0.9888334859883282,52,0.8269230769230769,159.80040907859802
sep_k10_d10,sep,4,10,CDK repaired R1999,10,0.9645639758359328,51,0.8235294117647058,164.211989402771
sep_k10_d50,sep,0,10,CDK repaired R1999,10,0.9722647583904148,43,0.8837209302325582,248.10821914672852
sep_k10_d50,sep,1,10,CDK repaired R1999,10,0.9833738334290381,50,0.84,252.1778519153595
sep_k10_d50,sep,2,10,CDK repaired R1999,10,0.9617582384384438,41,0.8536585365853658,218.2476351261139
sep_k10_d50,sep,3,10,CDK repaired R1999,10,0.986112673962375,48,0.8125,214.56574368476868
sep_k10_d50,sep,4,10,CDK repaired R1999,10,0.9161839439200041,41,0.8536585365853658,224.57593441009521
sep_k20_d2,sep,0,20,CDK repaired R1999,18,0.8147082537237985,46,0.9782608695652174,153.6100878715515
sep_k20_d2,sep,1,20,CDK repaired R1999,16,0.7146291277918624,48,0.9166666666666666,154.2659182548523
sep_k20_d2,sep,2,20,CDK repaired R1999,18,0.7808350223273424,47,0.9787234042553191,153.28443002700806
sep_k20_d2,sep,3,20,CDK repaired R1999,16,0.6863034632463153,46,0.9347826086956522,153.25558614730835
sep_k20_d2,sep,4,20,CDK repaired R1999,20,0.9419494733174704,47,1.0,150.15075516700745
sep_k20_d10,sep,0,20,CDK repaired R1999,20,0.9088436801594809,53,1.0,204.45304322242737
sep_k20_d10,sep,1,20,CDK repaired R1999,19,0.8431069759323546,53,1.0,211.12683129310608
sep_k20_d10,sep,2,20,CDK repaired R1999,20,0.8884165446827014,55,1.0,209.1537573337555
sep_k20_d10,sep,3,20,CDK repaired R1999,20,0.8995357712564676,53,1.0,206.6089472770691
sep_k20_d10,sep,4,20,CDK repaired R1999,20,0.9079098829052921,53,1.0,206.41488003730774
sep_k20_d50,sep,0,20,CDK repaired R1999,20,0.886580150769292,54,1.0,282.4580180644989
sep_k20_d50,sep,1,20,CDK repaired R1999,19,0.8171833923307001,58,1.0,329.7680962085724
sep_k20_d50,sep,2,20,CDK repaired R1999,20,0.8598903517968962,55,1.0,291.30753540992737
sep_k20_d50,sep,3,20,CDK repaired R1999,20,0.8918924659393194,61,1.0,319.8267195224762
overlap_s6.0,overlap,0,5,CDK repaired R1999,5,0.984444616051696,42,0.42857142857142855,84.92564105987549
sep_k20_d50,sep,4,20,CDK repaired R1999,19,0.8470883898108316,60,1.0,338.6418740749359
overlap_s6.0,overlap,1,5,CDK repaired R1999,5,0.9404896074356037,37,0.4864864864864865,87.46368479728699
overlap_s6.0,overlap,2,5,CDK repaired R1999,5,0.9783828090746228,44,0.4772727272727273,93.2732663154602
overlap_s6.0,overlap,3,5,CDK repaired R1999,5,0.9722165478813642,41,0.5121951219512195,84.35557818412781
overlap_s6.0,overlap,4,5,CDK repaired R1999,5,0.9813429124706873,44,0.36363636363636365,82.16001987457275
overlap_s4.0,overlap,0,5,CDK repaired R1999,1,0.0,43,0.3488372093023256,94.29569029808044
overlap_s4.0,overlap,1,5,CDK repaired R1999,4,0.7044058343253627,45,0.37777777777777777,91.96433186531067
overlap_s4.0,overlap,2,5,CDK repaired R1999,2,0.1956678186067043,46,0.2608695652173913,70.67096877098083
overlap_s4.0,overlap,3,5,CDK repaired R1999,3,0.4166531630086475,46,0.32608695652173914,88.71905040740967
overlap_s4.0,overlap,4,5,CDK repaired R1999,2,0.20290986495424795,44,0.3181818181818182,97.34674906730652
overlap_s3.0,overlap,0,5,CDK repaired R1999,1,0.0,46,0.13043478260869565,93.93110203742981
overlap_s3.0,overlap,1,5,CDK repaired R1999,1,0.0,49,0.12244897959183673,86.42481994628906
overlap_s3.0,overlap,2,5,CDK repaired R1999,1,0.0,52,0.09615384615384616,93.0219566822052
overlap_s3.0,overlap,3,5,CDK repaired R1999,1,0.0,46,0.15217391304347827,88.7163097858429
overlap_s3.0,overlap,4,5,CDK repaired R1999,1,0.0,46,0.043478260869565216,82.78004741668701
overlap_s2.0,overlap,0,5,CDK repaired R1999,1,0.0,46,0.10869565217391304,91.7108039855957
overlap_s2.0,overlap,1,5,CDK repaired R1999,1,0.0,49,0.08163265306122448,95.76274847984314
overlap_s2.0,overlap,2,5,CDK repaired R1999,1,0.0,47,0.06382978723404255,81.38408136367798
overlap_s2.0,overlap,3,5,CDK repaired R1999,1,0.0,47,0.1276595744680851,110.0381166934967
overlap_s2.0,overlap,4,5,CDK repaired R1999,1,0.0,50,0.18,97.43969559669495
unbal_r5,unbalanced,1,5,CDK repaired R1999,5,0.9967924595287926,51,0.3333333333333333,104.25210070610046
unbal_r5,unbalanced,0,5,CDK repaired R1999,4,0.901511672588391,60,0.36666666666666664,125.75939965248108
unbal_r5,unbalanced,2,5,CDK repaired R1999,5,0.9747586127532313,35,0.5428571428571428,104.2272117137909
unbal_r5,unbalanced,3,5,CDK repaired R1999,5,0.9863870804197234,43,0.4418604651162791,106.62502932548523
unbal_r20,unbalanced,0,5,CDK repaired R1999,5,0.9861928474741584,39,0.41025641025641024,90.6062262058258
unbal_r5,unbalanced,4,5,CDK repaired R1999,5,1.0,58,0.3620689655172414,114.98656225204468
unbal_r20,unbalanced,1,5,CDK repaired R1999,3,0.7212536843351816,37,0.32432432432432434,70.92960929870605
unbal_r20,unbalanced,2,5,CDK repaired R1999,4,0.9821551585060867,51,0.23529411764705882,105.02282309532166
unbal_r20,unbalanced,3,5,CDK repaired R1999,4,0.9798701633148513,53,0.22641509433962265,104.43967294692993
unbal_r20,unbalanced,4,5,CDK repaired R1999,4,0.9391467308943922,19,0.631578947368421,81.69392728805542
unbal_r100,unbalanced,0,5,CDK repaired R1999,5,1.0,58,0.3275862068965517,122.47664642333984
unbal_r100,unbalanced,1,5,CDK repaired R1999,5,1.0,66,0.2878787878787879,140.125812292099
unbal_r100,unbalanced,2,5,CDK repaired R1999,4,0.9800252111704576,52,0.2692307692307692,103.81475615501404
unbal_r100,unbalanced,3,5,CDK repaired R1999,3,0.9821024786678973,57,0.21052631578947367,121.39673566818237
uvar_r3,unequal_var,0,4,CDK repaired R1999,4,0.9769414116552734,40,0.225,68.03675317764282
unbal_r100,unbalanced,4,5,CDK repaired R1999,4,0.9275284136430926,65,0.3384615384615385,150.43716144561768
uvar_r3,unequal_var,1,4,CDK repaired R1999,4,0.9834813714326988,41,0.21951219512195122,64.15248584747314
uvar_r3,unequal_var,2,4,CDK repaired R1999,4,0.9153699636034507,29,0.5172413793103449,81.8674213886261
uvar_r3,unequal_var,3,4,CDK repaired R1999,4,0.9575882841441937,37,0.35135135135135137,65.51456236839294
uvar_r3,unequal_var,4,4,CDK repaired R1999,4,0.9539051178488012,34,0.2647058823529412,77.30252432823181
uvar_r10,unequal_var,0,4,CDK repaired R1999,3,0.6361725227981844,35,0.2857142857142857,86.10154891014099
uvar_r10,unequal_var,1,4,CDK repaired R1999,3,0.6139949714729505,41,0.2682926829268293,102.55078840255737
uvar_r10,unequal_var,2,4,CDK repaired R1999,2,0.31484211036112647,34,0.35294117647058826,95.25228333473206
uvar_r10,unequal_var,3,4,CDK repaired R1999,2,0.3069637873556881,35,0.11428571428571428,81.37384819984436
uvar_r10,unequal_var,4,4,CDK repaired R1999,2,0.31197858449919497,26,0.4230769230769231,95.17251586914062
elong_c5,elongated,0,4,CDK repaired R1999,2,0.46783930249458655,50,0.6,136.2614734172821
elong_c5,elongated,1,4,CDK repaired R1999,3,0.3194801210127548,47,0.6382978723404256,140.44384908676147
elong_c5,elongated,2,4,CDK repaired R1999,2,0.24651862979389777,45,0.4666666666666667,121.51474618911743
elong_c5,elongated,3,4,CDK repaired R1999,2,0.27752172767974714,48,0.5625,120.7320613861084
elong_c5,elongated,4,4,CDK repaired R1999,3,0.4331057495185261,44,0.5681818181818182,109.92709612846375
elong_c20,elongated,0,4,CDK repaired R1999,1,0.0,54,0.2037037037037037,137.09587574005127
elong_c20,elongated,1,4,CDK repaired R1999,1,0.0,48,0.3958333333333333,130.19377374649048
elong_c20,elongated,2,4,CDK repaired R1999,1,0.0,47,0.2978723404255319,119.35073900222778
elong_c20,elongated,3,4,CDK repaired R1999,1,0.0,52,0.38461538461538464,151.2156035900116
elong_c20,elongated,4,4,CDK repaired R1999,2,0.005260880759382648,43,0.3953488372093023,128.68321871757507
nongauss_t3,nongauss,0,5,CDK repaired R1999,5,0.9906666593459081,25,0.72,79.43572115898132
nongauss_t3,nongauss,1,5,CDK repaired R1999,5,0.9844438807915686,38,0.39473684210526316,70.20055341720581
nongauss_t3,nongauss,2,5,CDK repaired R1999,5,0.9844145291180962,27,0.7037037037037037,86.61120963096619
nongauss_t3,nongauss,3,5,CDK repaired R1999,5,0.9968691099886755,35,0.6857142857142857,88.8746726512909
nongauss_t3,nongauss,4,5,CDK repaired R1999,5,0.9968691099886755,38,0.5789473684210527,87.77856945991516
nongauss_uniform,nongauss,0,5,CDK repaired R1999,5,1.0,46,0.43478260869565216,94.8166823387146
nongauss_uniform,nongauss,1,5,CDK repaired R1999,5,1.0,47,0.46808510638297873,103.87105870246887
nongauss_uniform,nongauss,2,5,CDK repaired R1999,5,1.0,47,0.48936170212765956,93.39959454536438
nongauss_uniform,nongauss,3,5,CDK repaired R1999,5,0.9551570868253528,42,0.5238095238095238,115.15595507621765
nongauss_uniform,nongauss,4,5,CDK repaired R1999,5,1.0,46,0.4782608695652174,108.20762944221497
nongauss_mixed,nongauss,0,5,CDK repaired R1999,5,0.9968691099886755,40,0.525,95.13260960578918
nongauss_mixed,nongauss,1,5,CDK repaired R1999,5,0.972461845853068,38,0.4473684210526316,89.52940154075623
nongauss_mixed,nongauss,2,5,CDK repaired R1999,5,0.9906271808867675,37,0.5405405405405406,81.5630111694336
nongauss_mixed,nongauss,3,5,CDK repaired R1999,5,0.9937579600246279,45,0.35555555555555557,79.77536916732788
nongauss_mixed,nongauss,4,5,CDK repaired R1999,5,0.9725416274279405,38,0.39473684210526316,76.15266394615173
nongauss_skew,nongauss,0,5,CDK repaired R1999,5,0.9844647950001386,30,0.6333333333333333,110.28188180923462
nongauss_skew,nongauss,1,5,CDK repaired R1999,5,1.0,33,0.48484848484848486,100.71111750602722
nongauss_skew,nongauss,2,5,CDK repaired R1999,4,0.7741412647432184,41,0.43902439024390244,109.51813101768494
nongauss_skew,nongauss,3,5,CDK repaired R1999,5,0.9937579600246279,41,0.4878048780487805,102.27398824691772
nongauss_skew,nongauss,4,5,CDK repaired R1999,5,0.9906173109804156,45,0.4666666666666667,123.58399057388306
nongauss_t3_d10,nongauss,0,5,CDK repaired R1999,5,0.9968691099886755,33,0.6060606060606061,105.24692940711975
nongauss_t3_d10,nongauss,1,5,CDK repaired R1999,5,0.9906370506764907,39,0.5897435897435898,97.23811769485474
nongauss_t3_d10,nongauss,2,5,CDK repaired R1999,5,1.0,21,0.8095238095238095,129.11158728599548
nongauss_t3_d10,nongauss,3,5,CDK repaired R1999,5,0.9875259556813485,27,0.7037037037037037,110.6437315940857
nongauss_t3_d10,nongauss,4,5,CDK repaired R1999,5,1.0,38,0.5526315789473685,97.30558252334595
noise_10,noise,0,4,CDK repaired R1999,4,1.0,27,0.48148148148148145,78.71663689613342
noise_10,noise,1,4,CDK repaired R1999,4,1.0,27,0.6296296296296297,90.45256233215332
noise_10,noise,2,4,CDK repaired R1999,4,0.9836427491482942,38,0.2894736842105263,93.12341475486755
noise_10,noise,3,4,CDK repaired R1999,4,0.9868399131660527,13,0.7692307692307693,68.98366832733154
noise_10,noise,4,4,CDK repaired R1999,4,0.970536695797528,28,0.5,78.48582649230957
noise_30,noise,0,4,CDK repaired R1999,2,0.33321380663496336,27,0.48148148148148145,98.76916575431824
noise_30,noise,1,4,CDK repaired R1999,5,0.9915435490740768,23,0.6956521739130435,98.23423790931702
noise_30,noise,2,4,CDK repaired R1999,4,1.0,33,0.48484848484848486,87.09397983551025
noise_30,noise,3,4,CDK repaired R1999,2,0.498802277450851,42,0.35714285714285715,104.02043390274048
noise_30,noise,4,4,CDK repaired R1999,3,0.7117511426319999,44,0.2727272727272727,110.42237973213196
noise_50,noise,0,4,CDK repaired R1999,1,0.0,49,0.30612244897959184,127.45757579803467
noise_50,noise,1,4,CDK repaired R1999,3,0.6914204984825938,35,0.4,98.70594692230225
noise_50,noise,2,4,CDK repaired R1999,1,0.0,48,0.3125,121.73374819755554
noise_50,noise,3,4,CDK repaired R1999,2,0.3305370277363002,45,0.4888888888888889,116.78492641448975
noise_50,noise,4,4,CDK repaired R1999,2,0.0,52,0.3076923076923077,112.89026927947998
nested_d2,nested,0,6,CDK repaired R1999,6,0.992000189305803,55,0.41818181818181815,107.7643551826477
nested_d2,nested,1,6,CDK repaired R1999,6,0.9946547792687578,54,0.3888888888888889,96.38147068023682
nested_d2,nested,2,6,CDK repaired R1999,6,0.9973273736639168,56,0.35714285714285715,95.5863242149353
nested_d2,nested,4,6,CDK repaired R1999,6,0.981453839434775,57,0.42105263157894735,94.61681628227234
nested_d2,nested,3,6,CDK repaired R1999,6,0.9867444477547551,53,0.4528301886792453,118.58934760093689
null_gaussian_d2,null,1,1,CDK repaired R1999,1,1.0,31,0.22580645161290322,56.23548650741577
null_gaussian_d2,null,0,1,CDK repaired R1999,1,1.0,36,0.1111111111111111,65.30423855781555
null_gaussian_d2,null,2,1,CDK repaired R1999,1,1.0,33,0.21212121212121213,65.41761827468872
null_gaussian_d2,null,3,1,CDK repaired R1999,1,1.0,36,0.1111111111111111,71.85409021377563
null_gaussian_d10,null,0,1,CDK repaired R1999,1,1.0,33,0.0,39.574610471725464
null_gaussian_d2,null,4,1,CDK repaired R1999,1,1.0,38,0.13157894736842105,74.86565899848938
null_gaussian_d10,null,1,1,CDK repaired R1999,1,1.0,39,0.0,27.22284960746765
null_gaussian_d10,null,3,1,CDK repaired R1999,1,1.0,38,0.02631578947368421,36.223055839538574
null_gaussian_d10,null,2,1,CDK repaired R1999,1,1.0,36,0.0,42.23695230484009
null_gaussian_d10,null,4,1,CDK repaired R1999,1,1.0,32,0.0,37.30445313453674
null_uniform_d2,null,0,1,CDK repaired R1999,1,1.0,35,0.2,69.1049394607544
null_uniform_d2,null,1,1,CDK repaired R1999,1,1.0,33,0.21212121212121213,64.1968560218811
null_uniform_d2,null,2,1,CDK repaired R1999,1,1.0,41,0.12195121951219512,66.31638598442078
null_uniform_d2,null,3,1,CDK repaired R1999,1,1.0,42,0.11904761904761904,71.87361645698547
null_uniform_d2,null,4,1,CDK repaired R1999,1,1.0,33,0.3333333333333333,74.85021471977234
null_uniform_d10,null,0,1,CDK repaired R1999,1,1.0,36,0.027777777777777776,53.99087882041931
null_uniform_d10,null,1,1,CDK repaired R1999,1,1.0,31,0.0,36.92176294326782
null_uniform_d10,null,2,1,CDK repaired R1999,1,1.0,33,0.030303030303030304,39.72370433807373
null_uniform_d10,null,3,1,CDK repaired R1999,1,1.0,32,0.03125,59.40756583213806
null_uniform_d10,null,4,1,CDK repaired R1999,1,1.0,40,0.025,50.37328362464905
null_t3_d2,null,1,1,CDK repaired R1999,1,1.0,0,0.0,0.0033168792724609375
null_t3_d2,null,0,1,CDK repaired R1999,1,1.0,26,0.11538461538461539,40.84701943397522
null_t3_d2,null,2,1,CDK repaired R1999,1,1.0,25,0.32,72.15062427520752
null_t3_d2,null,3,1,CDK repaired R1999,1,1.0,28,0.14285714285714285,42.10412335395813
null_t3_d10,null,0,1,CDK repaired R1999,1,1.0,10,0.0,0.9758224487304688
null_t3_d10,null,1,1,CDK repaired R1999,1,1.0,3,0.0,0.4190497398376465
null_t3_d10,null,2,1,CDK repaired R1999,1,1.0,23,0.0,1.7339959144592285
null_t3_d10,null,3,1,CDK repaired R1999,1,1.0,0,0.0,0.005249977111816406
null_t3_d10,null,4,1,CDK repaired R1999,1,1.0,10,0.0,1.1033785343170166
null_t3_d2,null,4,1,CDK repaired R1999,1,1.0,17,0.23529411764705882,39.81663250923157
null_aniso_d2,null,0,1,CDK repaired R1999,1,1.0,39,0.2564102564102564,67.33654546737671
null_aniso_d2,null,1,1,CDK repaired R1999,1,1.0,38,0.21052631578947367,89.44346904754639
null_aniso_d2,null,2,1,CDK repaired R1999,1,1.0,30,0.36666666666666664,62.37305164337158
null_aniso_d2,null,3,1,CDK repaired R1999,1,1.0,34,0.23529411764705882,60.005120515823364
null_aniso_d2,null,4,1,CDK repaired R1999,1,1.0,37,0.10810810810810811,72.43859624862671
null_aniso_d10,null,0,1,CDK repaired R1999,1,1.0,36,0.027777777777777776,31.83386754989624
null_aniso_d10,null,1,1,CDK repaired R1999,1,1.0,37,0.08108108108108109,42.98699355125427
null_aniso_d10,null,2,1,CDK repaired R1999,1,1.0,38,0.02631578947368421,39.767667293548584
null_aniso_d10,null,3,1,CDK repaired R1999,1,1.0,41,0.07317073170731707,50.69231700897217
null_aniso_d10,null,4,1,CDK repaired R1999,1,1.0,31,0.1935483870967742,51.728474855422974
Iris,real,0,3,CDK repaired R1999,2,0.5681159420289855,6,0.3333333333333333,12.538325309753418
Iris,real,1,3,CDK repaired R1999,2,0.5681159420289855,6,0.3333333333333333,11.594222784042358
Iris,real,2,3,CDK repaired R1999,2,0.5681159420289855,6,0.3333333333333333,8.983805179595947
Wine,real,0,3,CDK repaired R1999,3,0.9132811631904065,10,0.5,21.886935234069824
Wine,real,1,3,CDK repaired R1999,3,0.6201585324205922,6,0.6666666666666666,24.731018781661987
Wine,real,2,3,CDK repaired R1999,3,0.7061522803267194,10,0.5,30.209843397140503
Breast cancer,real,0,2,CDK repaired R1999,1,0.0,25,0.4,98.39660811424255
Breast cancer,real,1,2,CDK repaired R1999,1,0.0,32,0.28125,79.64272093772888
Breast cancer,real,2,2,CDK repaired R1999,1,0.0,26,0.34615384615384615,83.98503303527832
Digits,real,1,10,CDK repaired R1999,1,0.0,0,0.0,0.03834176063537598
Digits,real,0,10,CDK repaired R1999,2,0.013240733338136985,38,0.47368421052631576,338.8677079677582
Digits-700,real,0,10,CDK repaired R1999,1,0.0,16,0.1875,53.53416061401367
Digits-700,real,1,10,CDK repaired R1999,1,0.0,0,0.0,0.013264894485473633
Digits-700,real,2,10,CDK repaired R1999,1,0.0,42,0.35714285714285715,179.3872685432434
Digits,real,2,10,CDK repaired R1999,1,0.0,74,0.47297297297297297,543.2675065994263
Digits-0168,real,1,4,CDK repaired R1999,3,0.3301559014662356,33,0.5151515151515151,166.79554510116577
Digits-0168,real,0,4,CDK repaired R1999,3,0.11674385503228689,32,0.65625,226.02906775474548
Digits-0to4,real,0,5,CDK repaired R1999,1,0.0,39,0.4358974358974359,206.30645179748535
Digits-0to4,real,1,5,CDK repaired R1999,1,0.0,0,0.0,0.018352270126342773
Digits-0168,real,2,4,CDK repaired R1999,3,0.38924663613020755,33,0.696969696969697,219.7627718448639
Digits-PCA10,real,0,10,CDK repaired R1999,2,0.003583121719580721,59,0.4745762711864407,255.92861890792847
Digits-0to4,real,2,5,CDK repaired R1999,4,0.3768720264700182,37,0.5945945945945946,341.174232006073
Digits-PCA10,real,2,10,CDK repaired R1999,1,0.0,14,0.5714285714285714,92.64153790473938
BC-benign(1cls),real,0,1,CDK repaired R1999,1,1.0,17,0.35294117647058826,34.69597315788269
BC-benign(1cls),real,1,1,CDK repaired R1999,1,1.0,20,0.25,40.85706925392151
Digits-PCA10,real,1,10,CDK repaired R1999,3,0.04705005854414924,57,0.5614035087719298,282.05902433395386
BC-benign(1cls),real,2,1,CDK repaired R1999,1,1.0,20,0.2,40.71275186538696
BC-malignant(1cls),real,1,1,CDK repaired R1999,1,1.0,10,0.2,12.397294759750366
BC-malignant(1cls),real,0,1,CDK repaired R1999,1,1.0,10,0.4,30.946393966674805
BC-malignant(1cls),real,2,1,CDK repaired R1999,1,1.0,10,0.3,21.987548112869263
Digit-1(1cls),real,0,1,CDK repaired R1999,2,0.0,6,0.5,20.957201957702637
Digit-1(1cls),real,2,1,CDK repaired R1999,1,1.0,6,0.5,42.997426986694336
Digit-1(1cls),real,1,1,CDK repaired R1999,4,0.0,10,0.8,63.047343254089355
Digit-3(1cls),real,0,1,CDK repaired R1999,1,1.0,10,0.2,30.041212797164917
Digit-3(1cls),real,1,1,CDK repaired R1999,1,1.0,6,0.3333333333333333,25.161033153533936
Digit-7(1cls),real,0,1,CDK repaired R1999,1,1.0,0,0.0,0.005452871322631836
Digit-7(1cls),real,1,1,CDK repaired R1999,1,1.0,0,0.0,0.009874582290649414
Digit-7(1cls),real,2,1,CDK repaired R1999,1,1.0,0,0.0,0.005912303924560547
Wine-c1(1cls),real,0,1,CDK repaired R1999,1,1.0,0,0.0,0.002725839614868164
Wine-c1(1cls),real,1,1,CDK repaired R1999,1,1.0,0,0.0,0.002285003662109375
Digit-3(1cls),real,2,1,CDK repaired R1999,1,1.0,3,0.3333333333333333,9.80267596244812
Iris-setosa(1cls),real,0,1,CDK repaired R1999,1,1.0,0,0.0,0.0022640228271484375
Iris-setosa(1cls),real,1,1,CDK repaired R1999,1,1.0,0,0.0,0.002155303955078125
Iris-setosa(1cls),real,2,1,CDK repaired R1999,1,1.0,0,0.0,0.0019385814666748047
Wine-c1(1cls),real,2,1,CDK repaired R1999,1,1.0,3,0.3333333333333333,3.380244493484497
