dataset,family,rep,true_k,gamma,k_hat,ARI,sep_evidence,secs
noise_10,noise,0,4,0.0,5,0.9215928695949668,0.6666666666666666,4.3
noise_10,noise,0,4,0.1,4,1.0,0.5555555555555556,4.5
noise_10,noise,0,4,0.2,4,1.0,0.5555555555555556,4.3
noise_10,noise,1,4,0.0,4,1.0,0.6296296296296297,4.4
noise_10,noise,1,4,0.1,4,1.0,0.6296296296296297,5.0
noise_10,noise,1,4,0.2,4,1.0,0.6296296296296297,4.8
noise_10,noise,2,4,0.0,6,0.9484292155384509,0.5526315789473685,5.0
noise_10,noise,2,4,0.1,4,0.9836427491482942,0.4473684210526316,5.1
noise_10,noise,2,4,0.2,4,0.9836427491482942,0.4473684210526316,4.4
noise_10,noise,3,4,0.0,4,0.9868399131660527,0.8461538461538461,3.5
noise_10,noise,3,4,0.1,4,0.9868399131660527,0.7692307692307693,4.4
noise_10,noise,3,4,0.2,4,0.9868399131660527,0.7692307692307693,4.0
noise_10,noise,4,4,0.0,4,0.970536695797528,0.5357142857142857,3.7
noise_10,noise,4,4,0.1,4,0.970536695797528,0.5,4.8
noise_10,noise,4,4,0.2,4,0.970536695797528,0.5357142857142857,4.0
noise_30,noise,0,4,0.0,6,0.9958056288513875,0.7777777777777778,5.0
noise_30,noise,0,4,0.1,3,0.7133127475038233,0.6296296296296297,5.8
noise_30,noise,0,4,0.2,3,0.7133127475038233,0.5555555555555556,4.6
noise_30,noise,1,4,0.0,6,0.9915255767212465,0.8260869565217391,4.8
noise_30,noise,1,4,0.1,4,0.9957739718350695,0.6521739130434783,5.5
noise_30,noise,1,4,0.2,4,0.9957739718350695,0.6521739130434783,4.9
noise_30,noise,2,4,0.0,5,0.9414007238600826,0.5757575757575758,4.5
noise_30,noise,2,4,0.1,4,1.0,0.48484848484848486,4.9
noise_30,noise,2,4,0.2,4,1.0,0.5151515151515151,4.7
noise_30,noise,3,4,0.0,5,0.9609985345384021,0.5714285714285714,4.9
noise_30,noise,3,4,0.1,6,0.9564378838589321,0.5952380952380952,5.4
noise_30,noise,3,4,0.2,4,0.7125758378698671,0.5238095238095238,4.8
noise_30,noise,4,4,0.0,5,0.9583135753760629,0.5454545454545454,5.5
noise_30,noise,4,4,0.1,4,0.7036325094947621,0.45454545454545453,5.8
noise_30,noise,4,4,0.2,3,0.7117511426319999,0.4090909090909091,5.1
noise_50,noise,0,4,0.0,6,0.9627577311458765,0.6122448979591837,5.7
noise_50,noise,0,4,0.1,4,0.7042062599571957,0.5306122448979592,5.5
noise_50,noise,0,4,0.2,4,0.7042062599571957,0.5102040816326531,5.1
noise_50,noise,1,4,0.0,6,0.985327006196146,0.6857142857142857,4.8
noise_50,noise,1,4,0.1,5,0.985327006196146,0.6,5.2
noise_50,noise,1,4,0.2,4,0.9765639029698866,0.5428571428571428,5.1
noise_50,noise,2,4,0.0,4,0.7097311460772141,0.5833333333333334,6.1
noise_50,noise,2,4,0.1,4,0.7097311460772141,0.5625,6.3
noise_50,noise,2,4,0.2,4,0.7097311460772141,0.5416666666666666,5.5
noise_50,noise,3,4,0.0,8,0.9537961397583753,0.7333333333333333,5.6
noise_50,noise,3,4,0.1,6,0.9269410684777445,0.6666666666666666,5.5
noise_50,noise,3,4,0.2,3,0.7129229142703917,0.5333333333333333,5.4
noise_50,noise,4,4,0.0,4,0.3305370277363002,0.5384615384615384,5.1
noise_50,noise,4,4,0.1,2,0.0,0.40384615384615385,5.4
noise_50,noise,4,4,0.2,3,0.0,0.40384615384615385,4.8
null_gaussian_d2,null,0,1,0.0,1,1.0,0.4166666666666667,3.5
null_gaussian_d2,null,0,1,0.1,1,1.0,0.25,3.3
null_gaussian_d2,null,0,1,0.2,1,1.0,0.19444444444444445,3.3
null_gaussian_d2,null,1,1,0.0,1,1.0,0.3548387096774194,2.8
null_gaussian_d2,null,1,1,0.1,1,1.0,0.3225806451612903,2.8
null_gaussian_d2,null,1,1,0.2,1,1.0,0.3225806451612903,2.7
null_gaussian_d2,null,2,1,0.0,1,1.0,0.42424242424242425,3.6
null_gaussian_d2,null,2,1,0.1,1,1.0,0.3333333333333333,3.7
null_gaussian_d2,null,2,1,0.2,1,1.0,0.30303030303030304,3.4
null_gaussian_d10,null,0,1,0.0,1,1.0,0.06060606060606061,2.8
null_gaussian_d10,null,0,1,0.1,1,1.0,0.030303030303030304,3.0
null_gaussian_d10,null,0,1,0.2,1,1.0,0.030303030303030304,2.0
null_gaussian_d10,null,1,1,0.0,1,1.0,0.0,2.9
null_gaussian_d10,null,1,1,0.1,1,1.0,0.02564102564102564,3.0
null_gaussian_d10,null,1,1,0.2,1,1.0,0.0,2.1
null_gaussian_d10,null,2,1,0.0,1,1.0,0.027777777777777776,2.4
null_gaussian_d10,null,2,1,0.1,1,1.0,0.05555555555555555,2.6
null_gaussian_d10,null,2,1,0.2,1,1.0,0.027777777777777776,2.4
null_uniform_d2,null,0,1,0.0,1,1.0,0.4,3.3
null_uniform_d2,null,0,1,0.1,1,1.0,0.34285714285714286,3.4
null_uniform_d2,null,0,1,0.2,1,1.0,0.2571428571428571,3.7
null_uniform_d2,null,1,1,0.0,1,1.0,0.5151515151515151,3.0
null_uniform_d2,null,1,1,0.1,1,1.0,0.30303030303030304,3.3
null_uniform_d2,null,1,1,0.2,1,1.0,0.30303030303030304,3.1
null_uniform_d2,null,2,1,0.0,1,1.0,0.3902439024390244,3.9
null_uniform_d2,null,2,1,0.1,1,1.0,0.2682926829268293,4.0
null_uniform_d2,null,2,1,0.2,1,1.0,0.1951219512195122,3.4
null_uniform_d10,null,0,1,0.0,1,1.0,0.05555555555555555,2.8
null_uniform_d10,null,0,1,0.1,1,1.0,0.027777777777777776,2.7
null_uniform_d10,null,0,1,0.2,1,1.0,0.027777777777777776,2.6
null_uniform_d10,null,1,1,0.0,1,1.0,0.0967741935483871,2.5
null_uniform_d10,null,1,1,0.1,1,1.0,0.0,2.2
null_uniform_d10,null,1,1,0.2,1,1.0,0.0,2.0
null_uniform_d10,null,2,1,0.0,1,1.0,0.06060606060606061,3.0
null_uniform_d10,null,2,1,0.1,1,1.0,0.06060606060606061,3.1
null_uniform_d10,null,2,1,0.2,1,1.0,0.0,2.7
null_t3_d2,null,0,1,0.0,2,0.0,0.5384615384615384,3.1
null_t3_d2,null,0,1,0.1,1,1.0,0.23076923076923078,2.4
null_t3_d2,null,0,1,0.2,1,1.0,0.2692307692307692,2.5
null_t3_d2,null,1,1,0.0,1,1.0,0.0,0.0
null_t3_d2,null,1,1,0.1,1,1.0,0.0,0.0
null_t3_d2,null,1,1,0.2,1,1.0,0.0,0.0
null_t3_d2,null,2,1,0.0,1,1.0,0.48,3.4
null_t3_d2,null,2,1,0.1,2,0.0,0.4,3.7
null_t3_d2,null,2,1,0.2,1,1.0,0.4,3.3
null_t3_d10,null,0,1,0.0,1,1.0,0.2,1.1
null_t3_d10,null,0,1,0.1,1,1.0,0.0,0.5
null_t3_d10,null,0,1,0.2,1,1.0,0.0,0.5
null_t3_d10,null,1,1,0.0,1,1.0,0.3333333333333333,0.5
null_t3_d10,null,1,1,0.1,1,1.0,0.0,0.2
null_t3_d10,null,1,1,0.2,1,1.0,0.0,0.2
null_t3_d10,null,2,1,0.0,1,1.0,0.17391304347826086,2.2
null_t3_d10,null,2,1,0.1,1,1.0,0.0,0.8
null_t3_d10,null,2,1,0.2,1,1.0,0.0,0.8
null_aniso_d2,null,0,1,0.0,1,1.0,0.46153846153846156,3.8
null_aniso_d2,null,0,1,0.1,1,1.0,0.41025641025641024,4.3
null_aniso_d2,null,0,1,0.2,1,1.0,0.358974358974359,4.0
null_aniso_d2,null,1,1,0.0,1,1.0,0.5,4.6
null_aniso_d2,null,1,1,0.1,2,0.0,0.47368421052631576,4.8
null_aniso_d2,null,1,1,0.2,1,1.0,0.42105263157894735,4.1
null_aniso_d2,null,2,1,0.0,1,1.0,0.43333333333333335,3.1
null_aniso_d2,null,2,1,0.1,1,1.0,0.43333333333333335,3.2
null_aniso_d2,null,2,1,0.2,1,1.0,0.36666666666666664,2.9
null_aniso_d10,null,0,1,0.0,1,1.0,0.1111111111111111,2.1
null_aniso_d10,null,0,1,0.1,1,1.0,0.08333333333333333,2.6
null_aniso_d10,null,0,1,0.2,1,1.0,0.05555555555555555,2.4
null_aniso_d10,null,1,1,0.0,1,1.0,0.1891891891891892,3.1
null_aniso_d10,null,1,1,0.1,1,1.0,0.10810810810810811,3.0
null_aniso_d10,null,1,1,0.2,1,1.0,0.10810810810810811,2.6
null_aniso_d10,null,2,1,0.0,1,1.0,0.10526315789473684,3.4
null_aniso_d10,null,2,1,0.1,1,1.0,0.05263157894736842,3.3
null_aniso_d10,null,2,1,0.2,1,1.0,0.07894736842105263,3.3
sep_k5_d10,sep,0,5,0.0,5,0.9968691099886755,0.43478260869565216,5.7
sep_k5_d10,sep,0,5,0.1,5,0.9968691099886755,0.41304347826086957,5.2
sep_k5_d10,sep,0,5,0.2,5,0.9968691099886755,0.41304347826086957,5.5
sep_k5_d10,sep,1,5,0.0,5,0.9968691099886755,0.5227272727272727,5.3
sep_k5_d10,sep,1,5,0.1,5,0.9968691099886755,0.5227272727272727,5.7
sep_k5_d10,sep,1,5,0.2,5,0.9968691099886755,0.5227272727272727,5.8
sep_k5_d10,sep,2,5,0.0,5,0.9968691099886755,0.34782608695652173,4.4
sep_k5_d10,sep,2,5,0.1,5,0.9968691099886755,0.32608695652173914,3.9
sep_k5_d10,sep,2,5,0.2,5,0.9968691099886755,0.34782608695652173,4.0
sep_k20_d10,sep,0,20,0.0,20,0.9088436801594809,1.0,9.2
sep_k20_d10,sep,0,20,0.1,20,0.9088436801594809,1.0,10.3
sep_k20_d10,sep,0,20,0.2,20,0.9088436801594809,1.0,10.0
sep_k20_d10,sep,1,20,0.0,19,0.8431069759323546,1.0,9.8
sep_k20_d10,sep,1,20,0.1,19,0.8431069759323546,1.0,10.1
sep_k20_d10,sep,1,20,0.2,19,0.8431069759323546,1.0,9.9
sep_k20_d10,sep,2,20,0.0,20,0.8884165446827014,1.0,9.6
sep_k20_d10,sep,2,20,0.1,20,0.8884165446827014,1.0,9.9
sep_k20_d10,sep,2,20,0.2,20,0.8884165446827014,1.0,10.1
overlap_s4.0,overlap,0,5,0.0,5,0.8043797937712228,0.4883720930232558,4.5
overlap_s4.0,overlap,0,5,0.1,5,0.8043797937712228,0.4883720930232558,4.6
overlap_s4.0,overlap,0,5,0.2,5,0.8043797937712228,0.4883720930232558,4.1
overlap_s4.0,overlap,1,5,0.0,5,0.885279472123872,0.5333333333333333,4.0
overlap_s4.0,overlap,1,5,0.1,5,0.885279472123872,0.4666666666666667,4.1
overlap_s4.0,overlap,1,5,0.2,4,0.7044058343253627,0.4444444444444444,4.0
overlap_s4.0,overlap,2,5,0.0,5,0.8875472222959921,0.41304347826086957,3.5
overlap_s4.0,overlap,2,5,0.1,5,0.8875472222959921,0.3695652173913043,3.8
overlap_s4.0,overlap,2,5,0.2,4,0.6997321613537314,0.34782608695652173,3.3
unbal_r20,unbalanced,0,5,0.0,5,0.9861928474741584,0.5641025641025641,4.2
unbal_r20,unbalanced,0,5,0.1,5,0.9861928474741584,0.48717948717948717,5.0
unbal_r20,unbalanced,0,5,0.2,4,0.9178721919612789,0.41025641025641024,4.0
unbal_r20,unbalanced,1,5,0.0,4,0.9829385199576768,0.5135135135135135,4.0
unbal_r20,unbalanced,1,5,0.1,4,0.9829385199576768,0.43243243243243246,3.5
unbal_r20,unbalanced,1,5,0.2,4,0.9829385199576768,0.4594594594594595,3.6
unbal_r20,unbalanced,2,5,0.0,4,0.9821551585060867,0.43137254901960786,4.7
unbal_r20,unbalanced,2,5,0.1,4,0.9821551585060867,0.35294117647058826,5.5
unbal_r20,unbalanced,2,5,0.2,4,0.9821551585060867,0.3137254901960784,4.7
elong_c5,elongated,0,4,0.0,4,0.5145760592781377,0.7,6.4
elong_c5,elongated,0,4,0.1,3,0.4833586390028692,0.66,7.6
elong_c5,elongated,0,4,0.2,3,0.4833586390028692,0.68,6.0
elong_c5,elongated,1,4,0.0,11,0.4855003697016381,0.851063829787234,6.4
elong_c5,elongated,1,4,0.1,8,0.6003499137952956,0.7872340425531915,6.7
elong_c5,elongated,1,4,0.2,6,0.4979658223058044,0.7446808510638298,6.0
elong_c5,elongated,2,4,0.0,6,0.5370479442825732,0.6666666666666666,5.0
elong_c5,elongated,2,4,0.1,4,0.33148043196049715,0.6444444444444445,5.8
elong_c5,elongated,2,4,0.2,4,0.19991399550693384,0.6222222222222222,5.5
