dataset,family,rep,n,d,true_k,method,k_hat,runtime,ARI,AMI,NMI
sep_k2_d2,sep,0,800,2,2,UniForCE,2,0.31368279457092285,1.0,1.0,1.0
sep_k2_d2,sep,1,800,2,2,UniForCE,2,0.28814077377319336,1.0,1.0,1.0
sep_k2_d2,sep,2,800,2,2,UniForCE,2,0.322629451751709,1.0,1.0,1.0
sep_k2_d2,sep,3,800,2,2,UniForCE,2,0.29798245429992676,1.0,1.0,1.0
sep_k2_d2,sep,4,800,2,2,UniForCE,2,0.319136381149292,1.0,1.0,1.0
sep_k2_d2,sep,5,800,2,2,UniForCE,2,0.2828705310821533,1.0,1.0,1.0
sep_k2_d2,sep,6,800,2,2,UniForCE,2,0.3445608615875244,1.0,1.0,1.0
sep_k2_d2,sep,7,800,2,2,UniForCE,2,0.31275081634521484,1.0,1.0,1.0
sep_k2_d2,sep,8,800,2,2,UniForCE,2,0.32073974609375,1.0,1.0,1.0
sep_k2_d2,sep,9,800,2,2,UniForCE,2,0.32831311225891113,1.0,1.0,1.0
sep_k2_d2,sep,10,800,2,2,UniForCE,2,0.30992722511291504,1.0,1.0,1.0
sep_k2_d2,sep,11,800,2,2,UniForCE,2,0.29682421684265137,1.0,1.0,1.0
sep_k2_d2,sep,12,800,2,2,UniForCE,2,0.30039525032043457,1.0,1.0,1.0
sep_k2_d2,sep,13,800,2,2,UniForCE,2,0.3557898998260498,1.0,1.0,1.0
sep_k2_d2,sep,14,800,2,2,UniForCE,2,0.32416844367980957,1.0,1.0,1.0
sep_k2_d2,sep,15,800,2,2,UniForCE,2,0.3151817321777344,1.0,1.0,1.0
sep_k2_d2,sep,16,800,2,2,UniForCE,2,0.3208944797515869,1.0,1.0,1.0
sep_k2_d2,sep,17,800,2,2,UniForCE,2,0.315887451171875,1.0,1.0,1.0
sep_k2_d2,sep,18,800,2,2,UniForCE,2,0.37393736839294434,1.0,1.0,1.0
sep_k2_d2,sep,19,800,2,2,UniForCE,2,0.3445267677307129,1.0,1.0,1.0
sep_k2_d10,sep,0,800,10,2,UniForCE,2,0.34821629524230957,1.0,1.0,1.0
sep_k2_d10,sep,1,800,10,2,UniForCE,2,0.314563512802124,1.0,1.0,1.0
sep_k2_d10,sep,2,800,10,2,UniForCE,2,0.4123718738555908,1.0,1.0,1.0
sep_k2_d10,sep,3,800,10,2,UniForCE,2,0.35654139518737793,1.0,1.0,1.0
sep_k2_d10,sep,4,800,10,2,UniForCE,2,0.35340285301208496,1.0,1.0,1.0
sep_k2_d10,sep,5,800,10,2,UniForCE,2,0.33637309074401855,1.0,1.0,1.0
sep_k2_d10,sep,6,800,10,2,UniForCE,2,0.3488156795501709,1.0,1.0,1.0
sep_k2_d10,sep,7,800,10,2,UniForCE,2,0.36226606369018555,1.0,1.0,1.0
sep_k2_d10,sep,8,800,10,2,UniForCE,2,0.3148155212402344,1.0,1.0,1.0
sep_k2_d10,sep,9,800,10,2,UniForCE,2,0.3224830627441406,1.0,1.0,1.0
sep_k2_d10,sep,10,800,10,2,UniForCE,2,0.3372626304626465,1.0,1.0,1.0
sep_k2_d10,sep,11,800,10,2,UniForCE,2,0.3374667167663574,1.0,1.0,1.0
sep_k2_d10,sep,16,800,10,2,UniForCE,2,0.2963113784790039,1.0,1.0,1.0
sep_k2_d10,sep,17,800,10,2,UniForCE,2,0.3208637237548828,1.0,1.0,1.0
sep_k2_d10,sep,18,800,10,2,UniForCE,2,0.3289966583251953,1.0,1.0,1.0
sep_k2_d10,sep,19,800,10,2,UniForCE,2,0.30455446243286133,1.0,1.0,1.0
sep_k2_d10,sep,12,800,10,2,UniForCE,2,0.33168816566467285,1.0,1.0,1.0
sep_k2_d10,sep,13,800,10,2,UniForCE,2,0.3444490432739258,1.0,1.0,1.0
sep_k2_d10,sep,14,800,10,2,UniForCE,2,0.3510606288909912,1.0,1.0,1.0
sep_k2_d10,sep,15,800,10,2,UniForCE,2,0.3350076675415039,1.0,1.0,1.0
sep_k2_d50,sep,0,800,50,2,UniForCE,2,0.16886615753173828,1.0,1.0,1.0
sep_k2_d50,sep,1,800,50,2,UniForCE,2,0.15338969230651855,1.0,1.0,1.0
sep_k2_d50,sep,2,800,50,2,UniForCE,2,0.16610193252563477,1.0,1.0,1.0
sep_k2_d50,sep,3,800,50,2,UniForCE,2,0.226271390914917,1.0,1.0,1.0
sep_k2_d50,sep,4,800,50,2,UniForCE,2,0.19512414932250977,1.0,1.0,1.0
sep_k2_d50,sep,5,800,50,2,UniForCE,2,0.2525513172149658,1.0,1.0,1.0
sep_k2_d50,sep,6,800,50,2,UniForCE,2,0.2780191898345947,1.0,1.0,1.0
sep_k2_d50,sep,7,800,50,2,UniForCE,2,0.20155787467956543,1.0,1.0,1.0
sep_k2_d50,sep,8,800,50,2,UniForCE,2,0.18376803398132324,1.0,1.0,1.0
sep_k2_d50,sep,9,800,50,2,UniForCE,2,0.16933059692382812,1.0,1.0,1.0
sep_k2_d50,sep,10,800,50,2,UniForCE,2,0.18278264999389648,1.0,1.0,1.0
sep_k2_d50,sep,11,800,50,2,UniForCE,2,0.15822839736938477,1.0,1.0,1.0
sep_k2_d50,sep,12,800,50,2,UniForCE,2,0.2344954013824463,1.0,1.0,1.0
sep_k2_d50,sep,13,800,50,2,UniForCE,2,0.22214627265930176,1.0,1.0,1.0
sep_k2_d50,sep,14,800,50,2,UniForCE,2,0.25383424758911133,1.0,1.0,1.0
sep_k2_d50,sep,15,800,50,2,UniForCE,2,0.23886966705322266,1.0,1.0,1.0
sep_k2_d50,sep,16,800,50,2,UniForCE,2,0.2064683437347412,1.0,1.0,1.0
sep_k2_d50,sep,17,800,50,2,UniForCE,2,0.21732187271118164,1.0,1.0,1.0
sep_k2_d50,sep,18,800,50,2,UniForCE,2,0.1880044937133789,1.0,1.0,1.0
sep_k2_d50,sep,19,800,50,2,UniForCE,2,0.17891621589660645,1.0,1.0,1.0
sep_k3_d2,sep,0,800,2,3,UniForCE,3,0.3023555278778076,1.0,1.0,1.0
sep_k3_d2,sep,1,800,2,3,UniForCE,3,0.3432025909423828,1.0,1.0,1.0
sep_k3_d2,sep,2,800,2,3,UniForCE,3,0.34311962127685547,1.0,1.0,1.0
sep_k3_d2,sep,3,800,2,3,UniForCE,3,0.33542919158935547,1.0,1.0,1.0
sep_k3_d2,sep,4,800,2,3,UniForCE,3,0.29476308822631836,1.0,1.0,1.0
sep_k3_d2,sep,5,800,2,3,UniForCE,3,0.2889378070831299,1.0,1.0,1.0
sep_k3_d2,sep,6,800,2,3,UniForCE,3,0.28871965408325195,1.0,1.0,1.0
sep_k3_d2,sep,7,800,2,3,UniForCE,3,0.2662665843963623,1.0,1.0,1.0
sep_k3_d2,sep,8,800,2,3,UniForCE,3,0.2922239303588867,1.0,1.0,1.0
sep_k3_d2,sep,9,800,2,3,UniForCE,3,0.301455020904541,1.0,1.0,1.0
sep_k3_d2,sep,10,800,2,3,UniForCE,3,0.30257225036621094,1.0,1.0,1.0
sep_k3_d2,sep,11,800,2,3,UniForCE,3,0.3155632019042969,1.0,1.0,1.0
sep_k3_d2,sep,12,800,2,3,UniForCE,3,0.2450249195098877,1.0,1.0,1.0
sep_k3_d2,sep,13,800,2,3,UniForCE,3,0.3033335208892822,1.0,1.0,1.0
sep_k3_d2,sep,14,800,2,3,UniForCE,3,0.31258678436279297,1.0,1.0,1.0
sep_k3_d2,sep,15,800,2,3,UniForCE,3,0.3175833225250244,1.0,1.0,1.0
sep_k3_d2,sep,16,800,2,3,UniForCE,3,0.29013490676879883,1.0,1.0,1.0
sep_k3_d2,sep,17,800,2,3,UniForCE,3,0.28624725341796875,1.0,1.0,1.0
sep_k3_d2,sep,18,800,2,3,UniForCE,3,0.2835562229156494,1.0,1.0,1.0
sep_k3_d2,sep,19,800,2,3,UniForCE,3,0.29695963859558105,1.0,1.0,1.0
sep_k3_d10,sep,0,800,10,3,UniForCE,3,0.3281731605529785,1.0,1.0,1.0
sep_k3_d10,sep,1,800,10,3,UniForCE,3,0.29378223419189453,1.0,1.0,1.0
sep_k3_d10,sep,2,800,10,3,UniForCE,3,0.2764475345611572,1.0,1.0,1.0
sep_k3_d10,sep,3,800,10,3,UniForCE,3,0.29995298385620117,1.0,1.0,1.0
sep_k3_d10,sep,4,800,10,3,UniForCE,3,0.312908411026001,1.0,1.0,1.0
sep_k3_d10,sep,5,800,10,3,UniForCE,3,0.3337080478668213,1.0,1.0,1.0
sep_k3_d10,sep,6,800,10,3,UniForCE,3,0.3125436305999756,1.0,1.0,1.0
sep_k3_d10,sep,7,800,10,3,UniForCE,3,0.32747864723205566,1.0,1.0,1.0
sep_k3_d10,sep,8,800,10,3,UniForCE,3,0.305325984954834,1.0,1.0,1.0
sep_k3_d10,sep,9,800,10,3,UniForCE,3,0.2886991500854492,0.9962500118508789,0.9924899863753235,0.9925071335780611
sep_k3_d10,sep,10,800,10,3,UniForCE,3,0.29665064811706543,1.0,1.0,1.0
sep_k3_d10,sep,11,800,10,3,UniForCE,3,0.3191807270050049,1.0,1.0,1.0
sep_k3_d10,sep,12,800,10,3,UniForCE,3,0.35788512229919434,1.0,1.0,1.0
sep_k3_d10,sep,13,800,10,3,UniForCE,3,0.2961273193359375,1.0,1.0,1.0
sep_k3_d10,sep,14,800,10,3,UniForCE,3,0.2871067523956299,1.0,1.0,1.0
sep_k3_d10,sep,15,800,10,3,UniForCE,3,0.3094475269317627,1.0,1.0,1.0
sep_k3_d10,sep,16,800,10,3,UniForCE,3,0.34779906272888184,1.0,1.0,1.0
sep_k3_d10,sep,17,800,10,3,UniForCE,3,0.2798442840576172,1.0,1.0,1.0
sep_k3_d10,sep,18,800,10,3,UniForCE,3,0.3086996078491211,1.0,1.0,1.0
sep_k3_d10,sep,19,800,10,3,UniForCE,3,0.34984350204467773,1.0,1.0,1.0
sep_k3_d50,sep,0,800,50,3,UniForCE,3,0.16138267517089844,1.0,1.0,1.0
sep_k3_d50,sep,1,800,50,3,UniForCE,3,0.17033839225769043,1.0,1.0,1.0
sep_k3_d50,sep,2,800,50,3,UniForCE,3,0.14179253578186035,1.0,1.0,1.0
sep_k3_d50,sep,3,800,50,3,UniForCE,3,0.15430474281311035,1.0,1.0,1.0
sep_k3_d50,sep,4,800,50,3,UniForCE,3,0.1727759838104248,1.0,1.0,1.0
sep_k3_d50,sep,5,800,50,3,UniForCE,3,0.14637064933776855,1.0,1.0,1.0
sep_k3_d50,sep,6,800,50,3,UniForCE,3,0.18003559112548828,1.0,1.0,1.0
sep_k3_d50,sep,7,800,50,3,UniForCE,3,0.15977096557617188,1.0,1.0,1.0
sep_k3_d50,sep,8,800,50,3,UniForCE,3,0.1525428295135498,1.0,1.0,1.0
sep_k3_d50,sep,9,800,50,3,UniForCE,3,0.1519019603729248,1.0,1.0,1.0
sep_k3_d50,sep,10,800,50,3,UniForCE,3,0.15674781799316406,1.0,1.0,1.0
sep_k3_d50,sep,11,800,50,3,UniForCE,3,0.16020655632019043,1.0,1.0,1.0
sep_k3_d50,sep,12,800,50,3,UniForCE,3,0.15638089179992676,1.0,1.0,1.0
sep_k3_d50,sep,13,800,50,3,UniForCE,3,0.14912700653076172,1.0,1.0,1.0
sep_k3_d50,sep,14,800,50,3,UniForCE,3,0.1572859287261963,1.0,1.0,1.0
sep_k3_d50,sep,15,800,50,3,UniForCE,3,0.1402144432067871,1.0,1.0,1.0
sep_k3_d50,sep,16,800,50,3,UniForCE,3,0.1439211368560791,1.0,1.0,1.0
sep_k3_d50,sep,17,800,50,3,UniForCE,3,0.15446829795837402,1.0,1.0,1.0
sep_k3_d50,sep,18,800,50,3,UniForCE,3,0.15641283988952637,1.0,1.0,1.0
sep_k3_d50,sep,19,800,50,3,UniForCE,3,0.15848231315612793,1.0,1.0,1.0
sep_k5_d2,sep,0,800,2,5,UniForCE,5,0.2533719539642334,1.0,1.0,1.0
sep_k5_d2,sep,1,800,2,5,UniForCE,5,0.27469897270202637,1.0,1.0,1.0
sep_k5_d2,sep,2,800,2,5,UniForCE,5,0.26244282722473145,1.0,1.0,1.0
sep_k5_d2,sep,3,800,2,5,UniForCE,5,0.2618842124938965,1.0,1.0,1.0
sep_k5_d2,sep,4,800,2,5,UniForCE,5,0.271923303604126,1.0,1.0,1.0
sep_k5_d2,sep,5,800,2,5,UniForCE,5,0.2756481170654297,1.0,1.0,1.0
sep_k5_d2,sep,6,800,2,5,UniForCE,5,0.2521944046020508,1.0,1.0,1.0
sep_k5_d2,sep,7,800,2,5,UniForCE,5,0.2756767272949219,1.0,1.0,1.0
sep_k5_d2,sep,8,800,2,5,UniForCE,5,0.24845552444458008,1.0,1.0,1.0
sep_k5_d2,sep,9,800,2,5,UniForCE,5,0.262894868850708,1.0,1.0,1.0
sep_k5_d2,sep,10,800,2,5,UniForCE,5,0.27626585960388184,1.0,1.0,1.0
sep_k5_d2,sep,11,800,2,5,UniForCE,5,0.27823448181152344,1.0,1.0,1.0
sep_k5_d2,sep,12,800,2,5,UniForCE,5,0.2646949291229248,1.0,1.0,1.0
sep_k5_d2,sep,13,800,2,5,UniForCE,5,0.2810382843017578,1.0,1.0,1.0
sep_k5_d2,sep,14,800,2,5,UniForCE,5,0.2774698734283447,1.0,1.0,1.0
sep_k5_d2,sep,15,800,2,5,UniForCE,5,0.2761671543121338,1.0,1.0,1.0
sep_k5_d2,sep,16,800,2,5,UniForCE,5,0.29860925674438477,1.0,1.0,1.0
sep_k5_d2,sep,17,800,2,5,UniForCE,5,0.28183937072753906,1.0,1.0,1.0
sep_k5_d2,sep,18,800,2,5,UniForCE,5,0.2636287212371826,1.0,1.0,1.0
sep_k5_d2,sep,19,800,2,5,UniForCE,5,0.30503153800964355,1.0,1.0,1.0
sep_k5_d10,sep,0,800,10,5,UniForCE,5,0.283693790435791,1.0,1.0,1.0
sep_k5_d10,sep,1,800,10,5,UniForCE,5,0.3116896152496338,1.0,1.0,1.0
sep_k5_d10,sep,2,800,10,5,UniForCE,5,0.29250502586364746,1.0,1.0,1.0
sep_k5_d10,sep,3,800,10,5,UniForCE,5,0.28298044204711914,1.0,1.0,1.0
sep_k5_d10,sep,4,800,10,5,UniForCE,5,0.289583683013916,1.0,1.0,1.0
sep_k5_d10,sep,5,800,10,5,UniForCE,5,0.2895352840423584,1.0,1.0,1.0
sep_k5_d10,sep,6,800,10,5,UniForCE,5,0.28134584426879883,1.0,1.0,1.0
sep_k5_d10,sep,7,800,10,5,UniForCE,5,0.27104854583740234,1.0,1.0,1.0
sep_k5_d10,sep,8,800,10,5,UniForCE,5,0.28791213035583496,1.0,1.0,1.0
sep_k5_d10,sep,9,800,10,5,UniForCE,5,0.26375436782836914,1.0,1.0,1.0
sep_k5_d10,sep,10,800,10,5,UniForCE,5,0.28041625022888184,1.0,1.0,1.0
sep_k5_d10,sep,11,800,10,5,UniForCE,5,0.2970900535583496,1.0,1.0,1.0
sep_k5_d10,sep,12,800,10,5,UniForCE,5,0.2722749710083008,1.0,1.0,1.0
sep_k5_d10,sep,13,800,10,5,UniForCE,5,0.2753427028656006,1.0,1.0,1.0
sep_k5_d10,sep,14,800,10,5,UniForCE,5,0.2888171672821045,1.0,1.0,1.0
sep_k5_d10,sep,15,800,10,5,UniForCE,5,0.29063892364501953,1.0,1.0,1.0
sep_k5_d50,sep,0,800,50,5,UniForCE,5,0.17083024978637695,1.0,1.0,1.0
sep_k5_d50,sep,1,800,50,5,UniForCE,5,0.175537109375,1.0,1.0,1.0
sep_k5_d50,sep,2,800,50,5,UniForCE,5,0.17612934112548828,1.0,1.0,1.0
sep_k5_d50,sep,3,800,50,5,UniForCE,5,0.17834067344665527,1.0,1.0,1.0
sep_k5_d10,sep,16,800,10,5,UniForCE,5,0.2984776496887207,1.0,1.0,1.0
sep_k5_d10,sep,17,800,10,5,UniForCE,5,0.3116745948791504,1.0,1.0,1.0
sep_k5_d10,sep,18,800,10,5,UniForCE,5,0.3119983673095703,1.0,1.0,1.0
sep_k5_d10,sep,19,800,10,5,UniForCE,5,0.33225369453430176,1.0,1.0,1.0
sep_k5_d50,sep,4,800,50,5,UniForCE,5,0.17881226539611816,1.0,1.0,1.0
sep_k5_d50,sep,5,800,50,5,UniForCE,5,0.16356945037841797,1.0,1.0,1.0
sep_k5_d50,sep,6,800,50,5,UniForCE,5,0.16126656532287598,1.0,1.0,1.0
sep_k5_d50,sep,7,800,50,5,UniForCE,5,0.16556072235107422,1.0,1.0,1.0
sep_k5_d50,sep,8,800,50,5,UniForCE,5,0.1795368194580078,1.0,1.0,1.0
sep_k5_d50,sep,9,800,50,5,UniForCE,5,0.16219162940979004,1.0,1.0,1.0
sep_k5_d50,sep,10,800,50,5,UniForCE,5,0.16567349433898926,1.0,1.0,1.0
sep_k5_d50,sep,11,800,50,5,UniForCE,5,0.1725313663482666,1.0,1.0,1.0
sep_k5_d50,sep,12,800,50,5,UniForCE,5,0.16075801849365234,1.0,1.0,1.0
sep_k5_d50,sep,13,800,50,5,UniForCE,5,0.15594172477722168,1.0,1.0,1.0
sep_k5_d50,sep,14,800,50,5,UniForCE,5,0.1680614948272705,1.0,1.0,1.0
sep_k5_d50,sep,15,800,50,5,UniForCE,5,0.15857648849487305,1.0,1.0,1.0
sep_k5_d50,sep,16,800,50,5,UniForCE,5,0.1562209129333496,1.0,1.0,1.0
sep_k5_d50,sep,17,800,50,5,UniForCE,5,0.15601801872253418,1.0,1.0,1.0
sep_k5_d50,sep,18,800,50,5,UniForCE,5,0.16339516639709473,1.0,1.0,1.0
sep_k5_d50,sep,19,800,50,5,UniForCE,5,0.1615762710571289,1.0,1.0,1.0
sep_k10_d2,sep,0,800,2,10,UniForCE,10,0.2326045036315918,1.0,1.0,1.0
sep_k10_d2,sep,1,800,2,10,UniForCE,10,0.23735928535461426,0.9916949931990172,0.9918089889087548,0.9919942583118082
sep_k10_d2,sep,2,800,2,10,UniForCE,10,0.24491572380065918,1.0,1.0,1.0
sep_k10_d2,sep,3,800,2,10,UniForCE,10,0.24223780632019043,1.0,1.0,1.0
sep_k10_d2,sep,4,800,2,10,UniForCE,10,0.22985458374023438,0.9889040282204484,0.9895825433250186,0.9898181774731815
sep_k10_d2,sep,5,800,2,10,UniForCE,10,0.2606923580169678,1.0,1.0,1.0
sep_k10_d2,sep,6,800,2,10,UniForCE,10,0.2205345630645752,1.0,1.0,1.0
sep_k10_d2,sep,7,800,2,10,UniForCE,10,0.24790549278259277,1.0,1.0,1.0
sep_k10_d2,sep,8,800,2,10,UniForCE,10,0.22481799125671387,0.9862878543951593,0.987675047531697,0.9879538262282462
sep_k10_d2,sep,9,800,2,10,UniForCE,10,0.2553544044494629,1.0,1.0,1.0
sep_k10_d2,sep,10,800,2,10,UniForCE,10,0.2769620418548584,1.0,1.0,1.0
sep_k10_d2,sep,11,800,2,10,UniForCE,10,0.23281097412109375,1.0,1.0,1.0
sep_k10_d2,sep,12,800,2,10,UniForCE,10,0.2558615207672119,1.0,1.0,1.0
sep_k10_d2,sep,13,800,2,10,UniForCE,10,0.29497432708740234,1.0,1.0,1.0
sep_k10_d2,sep,14,800,2,10,UniForCE,10,0.2680814266204834,1.0,1.0,1.0
sep_k10_d2,sep,15,800,2,10,UniForCE,10,0.2590599060058594,1.0,1.0,1.0
sep_k10_d2,sep,16,800,2,10,UniForCE,10,0.23599958419799805,0.9805724280002882,0.9839445035583081,0.9843077138813241
sep_k10_d2,sep,17,800,2,10,UniForCE,10,0.24805378913879395,1.0,1.0,1.0
sep_k10_d2,sep,18,800,2,10,UniForCE,10,0.23488521575927734,1.0,1.0,1.0
sep_k10_d2,sep,19,800,2,10,UniForCE,10,0.24322080612182617,1.0,1.0,1.0
sep_k10_d10,sep,0,800,10,10,UniForCE,10,0.24157381057739258,0.9972081748760527,0.9970106595018918,0.9970782736382755
sep_k10_d10,sep,1,800,10,10,UniForCE,10,0.2553384304046631,1.0,1.0,1.0
sep_k10_d10,sep,2,800,10,10,UniForCE,10,0.23963308334350586,1.0,1.0,1.0
sep_k10_d10,sep,3,800,10,10,UniForCE,9,0.2398529052734375,0.8304289386186243,0.9371856334158876,0.9384940330118782
sep_k10_d10,sep,4,800,10,10,UniForCE,10,0.2472667694091797,0.9785384701157744,0.9836769222353251,0.9840461989600011
sep_k10_d10,sep,5,800,10,10,UniForCE,10,0.2279679775238037,1.0,1.0,1.0
sep_k10_d10,sep,6,800,10,10,UniForCE,10,0.21871423721313477,1.0,1.0,1.0
sep_k10_d10,sep,7,800,10,10,UniForCE,10,0.23135089874267578,0.9370873044959083,0.951651918990384,0.952746023790065
sep_k10_d10,sep,8,800,10,10,UniForCE,10,0.27465224266052246,1.0,1.0,1.0
sep_k10_d10,sep,9,800,10,10,UniForCE,9,0.21216654777526855,0.8521361867924658,0.9347353268285162,0.9360887414118071
sep_k10_d10,sep,10,800,10,10,UniForCE,10,0.2232646942138672,1.0,1.0,1.0
sep_k10_d10,sep,11,800,10,10,UniForCE,10,0.25045275688171387,1.0,1.0,1.0
sep_k10_d10,sep,12,800,10,10,UniForCE,10,0.24771809577941895,1.0,1.0,1.0
sep_k10_d10,sep,13,800,10,10,UniForCE,10,0.2152557373046875,0.9581323282058005,0.9675920792187309,0.968325361565191
sep_k10_d10,sep,14,800,10,10,UniForCE,10,0.25118446350097656,1.0,1.0,1.0
sep_k10_d10,sep,15,800,10,10,UniForCE,10,0.22014403343200684,1.0,1.0,1.0
sep_k10_d10,sep,16,800,10,10,UniForCE,10,0.22131991386413574,0.9890457178955094,0.991123014258148,0.9913238118727026
sep_k10_d10,sep,17,800,10,10,UniForCE,10,0.2751436233520508,1.0,1.0,1.0
sep_k10_d10,sep,18,800,10,10,UniForCE,10,0.25354671478271484,1.0,1.0,1.0
sep_k10_d10,sep,19,800,10,10,UniForCE,10,0.1811656951904297,1.0,1.0,1.0
sep_k10_d50,sep,0,800,50,10,UniForCE,10,0.16034531593322754,1.0,1.0,1.0
sep_k10_d50,sep,1,800,50,10,UniForCE,10,0.17260456085205078,1.0,1.0,1.0
sep_k10_d50,sep,2,800,50,10,UniForCE,10,0.18184757232666016,1.0,1.0,1.0
sep_k10_d50,sep,3,800,50,10,UniForCE,10,0.18134856224060059,1.0,1.0,1.0
sep_k10_d50,sep,4,800,50,10,UniForCE,10,0.1822493076324463,1.0,1.0,1.0
sep_k10_d50,sep,5,800,50,10,UniForCE,10,0.18056106567382812,1.0,1.0,1.0
sep_k10_d50,sep,6,800,50,10,UniForCE,10,0.19382596015930176,1.0,1.0,1.0
sep_k10_d50,sep,7,800,50,10,UniForCE,10,0.19285106658935547,1.0,1.0,1.0
sep_k10_d50,sep,8,800,50,10,UniForCE,10,0.1780552864074707,1.0,1.0,1.0
sep_k10_d50,sep,9,800,50,10,UniForCE,10,0.21248221397399902,1.0,1.0,1.0
sep_k10_d50,sep,10,800,50,10,UniForCE,10,0.1932837963104248,1.0,1.0,1.0
sep_k10_d50,sep,11,800,50,10,UniForCE,10,0.1879560947418213,1.0,1.0,1.0
sep_k10_d50,sep,12,800,50,10,UniForCE,10,0.19062042236328125,1.0,1.0,1.0
sep_k10_d50,sep,13,800,50,10,UniForCE,10,0.19367504119873047,1.0,1.0,1.0
sep_k10_d50,sep,14,800,50,10,UniForCE,10,0.18050432205200195,1.0,1.0,1.0
sep_k10_d50,sep,15,800,50,10,UniForCE,10,0.1767292022705078,1.0,1.0,1.0
sep_k10_d50,sep,16,800,50,10,UniForCE,10,0.18598294258117676,1.0,1.0,1.0
sep_k10_d50,sep,17,800,50,10,UniForCE,10,0.17904114723205566,1.0,1.0,1.0
sep_k10_d50,sep,18,800,50,10,UniForCE,10,0.1944444179534912,1.0,1.0,1.0
sep_k10_d50,sep,19,800,50,10,UniForCE,10,0.18858623504638672,1.0,1.0,1.0
sep_k20_d2,sep,0,800,2,20,UniForCE,9,0.1891024112701416,0.3029193400287529,0.7136474402292683,0.7262229625984804
sep_k20_d2,sep,1,800,2,20,UniForCE,7,0.18782615661621094,0.3421713711476347,0.682641038320288,0.6927491636180991
sep_k20_d2,sep,2,800,2,20,UniForCE,11,0.19220781326293945,0.44983022405708595,0.77665054422211,0.7880044950990795
sep_k20_d2,sep,3,800,2,20,UniForCE,5,0.1978013515472412,0.16542723102575416,0.5471234389978505,0.5583255304931863
sep_k20_d2,sep,4,800,2,20,UniForCE,6,0.1688830852508545,0.3484331994069245,0.6827303225562168,0.6910555086928615
sep_k20_d2,sep,5,800,2,20,UniForCE,8,0.2125105857849121,0.4277148495903874,0.7452868515610424,0.7544049149983126
sep_k20_d2,sep,6,800,2,20,UniForCE,7,0.22768950462341309,0.18070327248470625,0.6171190633617454,0.630345191856539
sep_k20_d2,sep,7,800,2,20,UniForCE,10,0.22411513328552246,0.3924613612073344,0.7613222416877633,0.7726716097457987
sep_k20_d2,sep,8,800,2,20,UniForCE,10,0.19944500923156738,0.4688144583833647,0.7857210472360845,0.7954772850970887
sep_k20_d2,sep,9,800,2,20,UniForCE,11,0.18768906593322754,0.5087988433798282,0.7869631451319539,0.7974779530819277
sep_k20_d2,sep,10,800,2,20,UniForCE,6,0.20351743698120117,0.14330277026316943,0.555232345137762,0.5683970157473414
sep_k20_d2,sep,11,800,2,20,UniForCE,12,0.20826959609985352,0.4382186432267741,0.8229968723906581,0.8330523671952561
sep_k20_d2,sep,12,800,2,20,UniForCE,9,0.19945526123046875,0.2981693410150022,0.6851180070278368,0.6984866379251157
sep_k20_d2,sep,13,800,2,20,UniForCE,6,0.20052742958068848,0.21094799537148862,0.600217572758852,0.6118126419945011
sep_k20_d2,sep,14,800,2,20,UniForCE,11,0.21771717071533203,0.4067871076099137,0.7764624777579253,0.787958848232959
sep_k20_d2,sep,15,800,2,20,UniForCE,12,0.21139311790466309,0.4851630538711747,0.8066197065799714,0.8173160524878197
sep_k20_d2,sep,16,800,2,20,UniForCE,11,0.21575045585632324,0.43955530102477347,0.7864764338028968,0.7973686278751908
sep_k20_d2,sep,17,800,2,20,UniForCE,9,0.1870410442352295,0.4302992415812849,0.7542169101559618,0.7642893541705089
sep_k20_d2,sep,18,800,2,20,UniForCE,6,0.1959092617034912,0.15867450866908273,0.5851427612191255,0.5975475208044814
sep_k20_d2,sep,19,800,2,20,UniForCE,7,0.1890873908996582,0.2779713762753778,0.6488765678356186,0.6601621691522989
sep_k20_d10,sep,0,800,10,20,UniForCE,19,0.1921389102935791,0.9301074023334073,0.9616635473948076,0.9648377281723602
sep_k20_d10,sep,1,800,10,20,UniForCE,17,0.20842337608337402,0.8189834697590804,0.9230807639311464,0.928818003153284
sep_k20_d10,sep,2,800,10,20,UniForCE,8,0.20438742637634277,0.19871207745038488,0.6402520163482684,0.6547599370597272
sep_k20_d10,sep,3,800,10,20,UniForCE,20,0.17490625381469727,1.0,1.0,1.0
sep_k20_d10,sep,4,800,10,20,UniForCE,19,0.19030499458312988,0.9291696556994108,0.9633816394116004,0.9664130095259111
sep_k20_d10,sep,5,800,10,20,UniForCE,19,0.19294285774230957,0.9426734857418877,0.9810026699224106,0.982579144357081
sep_k20_d10,sep,6,800,10,20,UniForCE,15,0.18943381309509277,0.6468990591018572,0.8826783069399752,0.8906099341580226
sep_k20_d10,sep,7,800,10,20,UniForCE,18,0.1977384090423584,0.8907021807375302,0.9589310835462104,0.9621715043197829
sep_k20_d10,sep,8,800,10,20,UniForCE,15,0.21596646308898926,0.6584387533796938,0.9027925790538807,0.9094215939999983
sep_k20_d10,sep,9,800,10,20,UniForCE,16,0.1897733211517334,0.637312755333636,0.9223241093317857,0.9280100350340068
sep_k20_d10,sep,10,800,10,20,UniForCE,18,0.1833515167236328,0.8635438797085131,0.9420882067143587,0.9466482661354251
sep_k20_d10,sep,11,800,10,20,UniForCE,20,0.1997532844543457,1.0,1.0,1.0
sep_k20_d10,sep,12,800,10,20,UniForCE,17,0.20164251327514648,0.7926282969886036,0.9212563116390823,0.9271763318804795
sep_k20_d10,sep,13,800,10,20,UniForCE,15,0.18680405616760254,0.670209789487422,0.8818011373522462,0.889768841305461
sep_k20_d10,sep,14,800,10,20,UniForCE,16,0.18561053276062012,0.7372018670197092,0.906575808870664,0.913221476044675
sep_k20_d10,sep,15,800,10,20,UniForCE,20,0.19267582893371582,0.9973380954467436,0.9978571475190573,0.9980435502500206
sep_k20_d10,sep,16,800,10,20,UniForCE,19,0.1902470588684082,0.9288219631654021,0.9614073061254359,0.9646019276891068
sep_k20_d10,sep,17,800,10,20,UniForCE,19,0.2130732536315918,0.9390617904983899,0.9730525913758361,0.9752873864772365
sep_k20_d10,sep,18,800,10,20,UniForCE,15,0.18703103065490723,0.6662416970411748,0.8550016189054334,0.8647057808557133
sep_k20_d10,sep,19,800,10,20,UniForCE,18,0.21686196327209473,0.8755081525621057,0.9435923983817616,0.9480308609695219
sep_k20_d50,sep,0,800,50,20,UniForCE,20,0.23691487312316895,1.0,1.0,1.0
sep_k20_d50,sep,1,800,50,20,UniForCE,20,0.23731184005737305,1.0,1.0,1.0
sep_k20_d50,sep,2,800,50,20,UniForCE,20,0.26009249687194824,1.0,1.0,1.0
sep_k20_d50,sep,3,800,50,20,UniForCE,20,0.2645583152770996,1.0,1.0,1.0
sep_k20_d50,sep,4,800,50,20,UniForCE,20,0.25258779525756836,1.0,1.0,1.0
sep_k20_d50,sep,5,800,50,20,UniForCE,20,0.25978827476501465,1.0,1.0,1.0
sep_k20_d50,sep,6,800,50,20,UniForCE,20,0.21594858169555664,1.0,1.0,1.0
sep_k20_d50,sep,7,800,50,20,UniForCE,20,0.2359607219696045,1.0,1.0,1.0
sep_k20_d50,sep,8,800,50,20,UniForCE,20,0.23244976997375488,1.0,1.0,1.0
sep_k20_d50,sep,9,800,50,20,UniForCE,20,0.21970129013061523,1.0,1.0,1.0
sep_k20_d50,sep,10,800,50,20,UniForCE,20,0.2662360668182373,1.0,1.0,1.0
sep_k20_d50,sep,11,800,50,20,UniForCE,20,0.22715973854064941,1.0,1.0,1.0
sep_k20_d50,sep,12,800,50,20,UniForCE,20,0.2535586357116699,1.0,1.0,1.0
sep_k20_d50,sep,13,800,50,20,UniForCE,19,0.2306351661682129,0.9485876069750981,0.9872353354969795,0.9882956831460153
sep_k20_d50,sep,14,800,50,20,UniForCE,20,0.28182554244995117,1.0,1.0,1.0
sep_k20_d50,sep,15,800,50,20,UniForCE,20,0.2571887969970703,1.0,1.0,1.0
sep_k20_d50,sep,16,800,50,20,UniForCE,20,0.22849154472351074,1.0,1.0,1.0
sep_k20_d50,sep,17,800,50,20,UniForCE,19,0.27452540397644043,0.9460506843774759,0.9850765944992861,0.9863162725993072
sep_k20_d50,sep,18,800,50,20,UniForCE,20,0.24431729316711426,1.0,1.0,1.0
sep_k20_d50,sep,19,800,50,20,UniForCE,20,0.2445824146270752,1.0,1.0,1.0
overlap_s6.0,overlap,0,800,2,5,UniForCE,5,0.27600741386413574,0.9968691099886755,0.9952518682725183,0.995281596448275
overlap_s6.0,overlap,1,800,2,5,UniForCE,5,0.308765172958374,1.0,1.0,1.0
overlap_s6.0,overlap,2,800,2,5,UniForCE,5,0.264819860458374,1.0,1.0,1.0
overlap_s6.0,overlap,3,800,2,5,UniForCE,5,0.3116722106933594,0.9906465887749459,0.9857654051529341,0.9858545283200502
overlap_s6.0,overlap,4,800,2,5,UniForCE,5,0.2634601593017578,0.9906269593704863,0.9857604896240163,0.9858496435673862
overlap_s6.0,overlap,5,800,2,5,UniForCE,5,0.26618361473083496,0.9968691099886755,0.9952518682725183,0.995281596448275
overlap_s6.0,overlap,6,800,2,5,UniForCE,5,0.2844552993774414,0.9968691099886755,0.9952518682725183,0.995281596448275
overlap_s6.0,overlap,7,800,2,5,UniForCE,5,0.2794971466064453,0.9937579600246279,0.9915871831020886,0.9916398563708724
overlap_s6.0,overlap,8,800,2,5,UniForCE,5,0.3469386100769043,0.9906466993024384,0.9868439181866433,0.9869262891785979
overlap_s6.0,overlap,9,800,2,5,UniForCE,5,0.3099534511566162,1.0,1.0,1.0
overlap_s6.0,overlap,10,800,2,5,UniForCE,5,0.3335397243499756,0.9968691099886755,0.9952518682725183,0.995281596448275
overlap_s6.0,overlap,11,800,2,5,UniForCE,5,0.27530670166015625,1.0,1.0,1.0
overlap_s6.0,overlap,12,800,2,5,UniForCE,5,0.29490232467651367,0.9937579600246279,0.9915871831020887,0.9916398563708725
overlap_s6.0,overlap,13,800,2,5,UniForCE,5,0.3238687515258789,1.0,1.0,1.0
overlap_s6.0,overlap,14,800,2,5,UniForCE,5,0.27831268310546875,0.9937480346795808,0.9905061789482673,0.9905656200078305
overlap_s6.0,overlap,15,800,2,5,UniForCE,5,0.2789134979248047,1.0,1.0,1.0
overlap_s6.0,overlap,16,800,2,5,UniForCE,5,0.2801201343536377,0.9875359909576884,0.9835831414780365,0.9836859302211458
overlap_s6.0,overlap,17,800,2,5,UniForCE,5,0.27970147132873535,0.9968691099886755,0.9952518682725184,0.9952815964482751
overlap_s6.0,overlap,18,800,2,5,UniForCE,5,0.2559828758239746,0.9968691099886755,0.9952518682725183,0.995281596448275
overlap_s6.0,overlap,19,800,2,5,UniForCE,5,0.29946327209472656,1.0,1.0,1.0
overlap_s4.0,overlap,0,800,2,5,UniForCE,1,0.27632975578308105,0.0,0.0,0.0
overlap_s4.0,overlap,1,800,2,5,UniForCE,1,0.29249072074890137,0.0,0.0,0.0
overlap_s4.0,overlap,2,800,2,5,UniForCE,2,0.2969815731048584,0.3460933756916822,0.5248137724628482,0.5258608883451079
overlap_s4.0,overlap,3,800,2,5,UniForCE,2,0.27776503562927246,0.19077603307762483,0.40863694361987585,0.41004899254679034
overlap_s4.0,overlap,4,800,2,5,UniForCE,2,0.30295848846435547,0.20247468697297763,0.4356907493732615,0.43703474075564047
overlap_s4.0,overlap,5,800,2,5,UniForCE,2,0.2891049385070801,0.2031898079459281,0.44755358244954646,0.44887156939758915
overlap_s4.0,overlap,6,800,2,5,UniForCE,3,0.3147761821746826,0.4558038544904162,0.6694962376052558,0.6707914360702827
overlap_s4.0,overlap,7,800,2,5,UniForCE,1,0.2775442600250244,0.0,0.0,0.0
overlap_s4.0,overlap,8,800,2,5,UniForCE,1,0.2953832149505615,0.0,0.0,0.0
overlap_s4.0,overlap,9,800,2,5,UniForCE,2,0.29229187965393066,0.35858946714920303,0.5544831065888173,0.5554643553430139
overlap_s4.0,overlap,10,800,2,5,UniForCE,1,0.285214900970459,0.0,0.0,0.0
overlap_s4.0,overlap,11,800,2,5,UniForCE,3,0.31078100204467773,0.43983191057848375,0.6587323808930345,0.6600771287593189
overlap_s4.0,overlap,12,800,2,5,UniForCE,5,0.2938377857208252,0.9233449063618125,0.9014057274140668,0.9020231244377894
overlap_s4.0,overlap,13,800,2,5,UniForCE,1,0.29660558700561523,0.0,0.0,0.0
overlap_s4.0,overlap,14,800,2,5,UniForCE,1,0.2866196632385254,0.0,0.0,0.0
overlap_s4.0,overlap,15,800,2,5,UniForCE,3,0.29318857192993164,0.5791774891909904,0.7173717851897049,0.7184375646567802
overlap_s4.0,overlap,16,800,2,5,UniForCE,2,0.28919219970703125,0.19181843218639955,0.42468631535521445,0.42606365002200014
overlap_s4.0,overlap,17,800,2,5,UniForCE,4,0.26525354385375977,0.7226418388063112,0.8129683669910258,0.8139274119054262
overlap_s4.0,overlap,18,800,2,5,UniForCE,3,0.3019688129425049,0.4666867932689383,0.6940974940116901,0.6952987128868289
overlap_s4.0,overlap,19,800,2,5,UniForCE,2,0.3090500831604004,0.1994196671384192,0.4315356232949065,0.4328895107646451
overlap_s3.0,overlap,0,800,2,5,UniForCE,1,0.29306840896606445,0.0,0.0,0.0
overlap_s3.0,overlap,1,800,2,5,UniForCE,1,0.2701151371002197,0.0,0.0,0.0
overlap_s3.0,overlap,2,800,2,5,UniForCE,1,0.2509455680847168,0.0,0.0,0.0
overlap_s3.0,overlap,3,800,2,5,UniForCE,1,0.28542160987854004,0.0,0.0,0.0
overlap_s3.0,overlap,4,800,2,5,UniForCE,1,0.2982640266418457,0.0,0.0,0.0
overlap_s3.0,overlap,5,800,2,5,UniForCE,1,0.27941441535949707,0.0,0.0,0.0
overlap_s3.0,overlap,6,800,2,5,UniForCE,1,0.2764148712158203,0.0,0.0,0.0
overlap_s3.0,overlap,7,800,2,5,UniForCE,1,0.3477137088775635,0.0,0.0,0.0
overlap_s3.0,overlap,8,800,2,5,UniForCE,1,0.3215792179107666,0.0,0.0,0.0
overlap_s3.0,overlap,9,800,2,5,UniForCE,1,0.2808256149291992,0.0,0.0,0.0
overlap_s3.0,overlap,10,800,2,5,UniForCE,1,0.28408074378967285,0.0,0.0,0.0
overlap_s3.0,overlap,11,800,2,5,UniForCE,1,0.26040005683898926,0.0,0.0,0.0
overlap_s3.0,overlap,12,800,2,5,UniForCE,1,0.29500603675842285,0.0,0.0,0.0
overlap_s3.0,overlap,13,800,2,5,UniForCE,1,0.30212998390197754,0.0,0.0,0.0
overlap_s3.0,overlap,14,800,2,5,UniForCE,1,0.30090904235839844,0.0,0.0,0.0
overlap_s3.0,overlap,15,800,2,5,UniForCE,1,0.2727656364440918,0.0,0.0,0.0
overlap_s3.0,overlap,16,800,2,5,UniForCE,1,0.27237796783447266,0.0,0.0,0.0
overlap_s3.0,overlap,17,800,2,5,UniForCE,1,0.280153751373291,0.0,0.0,0.0
overlap_s3.0,overlap,18,800,2,5,UniForCE,1,0.3093292713165283,0.0,0.0,0.0
overlap_s3.0,overlap,19,800,2,5,UniForCE,1,0.29911351203918457,0.0,0.0,0.0
overlap_s2.0,overlap,0,800,2,5,UniForCE,1,0.2960703372955322,0.0,0.0,0.0
overlap_s2.0,overlap,1,800,2,5,UniForCE,1,0.3189730644226074,0.0,0.0,0.0
overlap_s2.0,overlap,2,800,2,5,UniForCE,1,0.318464994430542,0.0,0.0,0.0
overlap_s2.0,overlap,3,800,2,5,UniForCE,1,0.2820429801940918,0.0,0.0,0.0
overlap_s2.0,overlap,4,800,2,5,UniForCE,1,0.2991948127746582,0.0,0.0,0.0
overlap_s2.0,overlap,5,800,2,5,UniForCE,1,0.2856156826019287,0.0,0.0,0.0
overlap_s2.0,overlap,6,800,2,5,UniForCE,1,0.3128502368927002,0.0,0.0,0.0
overlap_s2.0,overlap,7,800,2,5,UniForCE,1,0.30102062225341797,0.0,0.0,0.0
overlap_s2.0,overlap,8,800,2,5,UniForCE,1,0.2908742427825928,0.0,0.0,0.0
overlap_s2.0,overlap,9,800,2,5,UniForCE,1,0.32878661155700684,0.0,0.0,0.0
overlap_s2.0,overlap,10,800,2,5,UniForCE,1,0.2936367988586426,0.0,0.0,0.0
overlap_s2.0,overlap,11,800,2,5,UniForCE,1,0.3305320739746094,0.0,0.0,0.0
overlap_s2.0,overlap,12,800,2,5,UniForCE,1,0.31583523750305176,0.0,0.0,0.0
overlap_s2.0,overlap,13,800,2,5,UniForCE,1,0.3168363571166992,0.0,0.0,0.0
overlap_s2.0,overlap,14,800,2,5,UniForCE,1,0.2850184440612793,0.0,0.0,0.0
overlap_s2.0,overlap,15,800,2,5,UniForCE,1,0.2890336513519287,0.0,0.0,0.0
overlap_s2.0,overlap,16,800,2,5,UniForCE,1,0.36394429206848145,0.0,0.0,0.0
overlap_s2.0,overlap,17,800,2,5,UniForCE,1,0.26601076126098633,0.0,0.0,0.0
overlap_s2.0,overlap,18,800,2,5,UniForCE,1,0.27857184410095215,0.0,0.0,0.0
overlap_s2.0,overlap,19,800,2,5,UniForCE,1,0.31574511528015137,0.0,0.0,0.0
unbal_r5,unbalanced,0,897,2,5,UniForCE,4,0.2996375560760498,0.8588994917361138,0.9238725793919871,0.9242515898990468
unbal_r5,unbalanced,1,897,2,5,UniForCE,5,0.3242499828338623,1.0,1.0,1.0
unbal_r5,unbalanced,2,897,2,5,UniForCE,5,0.3484034538269043,1.0,1.0,1.0
unbal_r5,unbalanced,3,897,2,5,UniForCE,5,0.3278341293334961,1.0,1.0,1.0
unbal_r5,unbalanced,4,897,2,5,UniForCE,5,0.324415922164917,0.9946849907031158,0.9918054303363761,0.9918560996143759
unbal_r5,unbalanced,5,897,2,5,UniForCE,3,0.3295712471008301,0.5557211877497831,0.7436310969200377,0.744614171544555
unbal_r5,unbalanced,6,897,2,5,UniForCE,5,0.3306281566619873,1.0,1.0,1.0
unbal_r5,unbalanced,7,897,2,5,UniForCE,5,0.37653613090515137,1.0,1.0,1.0
unbal_r5,unbalanced,8,897,2,5,UniForCE,3,0.3383336067199707,0.662921339606403,0.786067482039486,0.7868636288833462
unbal_r5,unbalanced,9,897,2,5,UniForCE,5,0.3437530994415283,0.9989065747947903,0.9958369234501876,0.9958627077114272
unbal_r5,unbalanced,10,897,2,5,UniForCE,5,0.3795957565307617,1.0,1.0,1.0
unbal_r5,unbalanced,11,897,2,5,UniForCE,5,0.3854501247406006,1.0,1.0,1.0
unbal_r5,unbalanced,12,897,2,5,UniForCE,5,0.3508169651031494,0.9876822053119008,0.9755985188117569,0.9757493344143173
unbal_r5,unbalanced,13,897,2,5,UniForCE,1,0.305081844329834,0.0,0.0,0.0
unbal_r5,unbalanced,14,897,2,5,UniForCE,5,0.3566722869873047,0.9980772469087975,0.9955245743728535,0.9955522711711086
unbal_r5,unbalanced,15,897,2,5,UniForCE,5,0.3451962471008301,1.0,1.0,1.0
unbal_r5,unbalanced,16,897,2,5,UniForCE,5,0.35828161239624023,1.0,1.0,1.0
unbal_r5,unbalanced,17,897,2,5,UniForCE,4,0.35009312629699707,0.8413855442025806,0.9011488203148712,0.9016428726014057
unbal_r5,unbalanced,18,897,2,5,UniForCE,5,0.35779643058776855,1.0,1.0,1.0
unbal_r5,unbalanced,19,897,2,5,UniForCE,2,0.3119778633117676,0.47960643467992464,0.6252951938045987,0.6260848690929373
unbal_r20,unbalanced,0,898,2,5,UniForCE,5,0.36469316482543945,1.0,0.9999999999999998,0.9999999999999998
unbal_r20,unbalanced,1,898,2,5,UniForCE,4,0.2913672924041748,0.9710213762967211,0.9511013080281501,0.9514004120461144
unbal_r20,unbalanced,2,898,2,5,UniForCE,4,0.3319880962371826,0.9815251727155158,0.9506838258877953,0.9509791487359776
unbal_r20,unbalanced,3,898,2,5,UniForCE,5,0.3089628219604492,0.9899048306154551,0.9764558455256049,0.9766405632503503
unbal_r20,unbalanced,4,898,2,5,UniForCE,5,0.32154107093811035,0.9812605735311539,0.9752123798467115,0.9754053847061552
unbal_r20,unbalanced,5,898,2,5,UniForCE,4,0.3379175662994385,0.9546881651018309,0.9343743628929797,0.9347716256206956
unbal_r20,unbalanced,6,898,2,5,UniForCE,5,0.2987678050994873,0.9529306209645471,0.9324866753458386,0.9330083011644402
unbal_r20,unbalanced,7,898,2,5,UniForCE,4,0.28980469703674316,0.9792567128024158,0.9505777401558984,0.9508742403222364
unbal_r20,unbalanced,8,898,2,5,UniForCE,5,0.3426699638366699,0.9925109319724443,0.9700115093436885,0.9702467091931337
unbal_r20,unbalanced,9,898,2,5,UniForCE,5,0.32491326332092285,0.9973007852552033,0.9946590569948872,0.994701000251034
unbal_r20,unbalanced,10,898,2,5,UniForCE,5,0.36107945442199707,1.0,1.0,1.0
unbal_r20,unbalanced,11,898,2,5,UniForCE,4,0.3328690528869629,0.9908360953867468,0.9720588609274873,0.9722240783270713
unbal_r20,unbalanced,12,898,2,5,UniForCE,5,0.31572747230529785,0.9971630060655634,0.9943284938336079,0.9943730376206154
unbal_r20,unbalanced,13,898,2,5,UniForCE,5,0.3017590045928955,0.9946946159368882,0.9851737148729601,0.9852898224871802
unbal_r20,unbalanced,14,898,2,5,UniForCE,5,0.304440975189209,1.0,1.0,1.0
unbal_r20,unbalanced,15,898,2,5,UniForCE,5,0.31426453590393066,0.9946946159368882,0.9851737148729601,0.9852898224871802
unbal_r20,unbalanced,16,898,2,5,UniForCE,3,0.31435370445251465,0.8317000192628592,0.8358647205002554,0.8366059975846383
unbal_r20,unbalanced,17,898,2,5,UniForCE,2,0.30878615379333496,0.5101151665355009,0.5956221507167833,0.5966623123235566
unbal_r20,unbalanced,18,898,2,5,UniForCE,4,0.32529568672180176,0.9874218958378841,0.9573645944631547,0.957618234883352
unbal_r20,unbalanced,19,898,2,5,UniForCE,4,0.3210330009460449,0.863099628721792,0.8626647274280476,0.863532653159357
unbal_r100,unbalanced,0,923,2,5,UniForCE,3,0.3501296043395996,0.8493733505211173,0.8438773566731606,0.8447133047156499
unbal_r100,unbalanced,1,923,2,5,UniForCE,3,0.3669559955596924,0.9728900069861122,0.9001264504395177,0.9006180373091006
unbal_r100,unbalanced,2,923,2,5,UniForCE,5,0.4006674289703369,0.9674899742491767,0.9407126451619852,0.9412761232912998
unbal_r100,unbalanced,3,923,2,5,UniForCE,4,0.400714635848999,0.9766474199854215,0.9107594449937202,0.9114090045860764
unbal_r100,unbalanced,4,923,2,5,UniForCE,5,0.3192923069000244,0.9969869163224724,0.9934533921777324,0.9935164749466896
unbal_r100,unbalanced,5,923,2,5,UniForCE,5,0.37894773483276367,0.983885849945909,0.9375514487300923,0.9381446735159272
unbal_r100,unbalanced,6,923,2,5,UniForCE,4,0.3700094223022461,0.9907262963850184,0.9576401096341667,0.9579514068712814
unbal_r100,unbalanced,7,923,2,5,UniForCE,4,0.39186859130859375,0.9400058970379249,0.8786826908969486,0.8795893135734394
unbal_r100,unbalanced,8,923,2,5,UniForCE,3,0.37866902351379395,0.8122093072871307,0.8055377853424202,0.8065906513679126
unbal_r100,unbalanced,9,923,2,5,UniForCE,5,0.34801197052001953,0.988003432773254,0.9800222372072236,0.9802140040148116
unbal_r100,unbalanced,10,923,2,5,UniForCE,3,0.4002344608306885,0.9470756615968237,0.8967721126953687,0.8972921604356733
unbal_r100,unbalanced,11,923,2,5,UniForCE,3,0.3583545684814453,0.852192176778711,0.8652115949716038,0.8659349582167426
unbal_r100,unbalanced,12,923,2,5,UniForCE,2,0.3372349739074707,0.11575295830760984,0.22388689407408485,0.2272538450083897
unbal_r100,unbalanced,13,923,2,5,UniForCE,5,0.3629946708679199,0.9572619424802025,0.9199654756902742,0.9207228845526509
unbal_r100,unbalanced,14,923,2,5,UniForCE,4,0.3332397937774658,0.8203509050137475,0.7539201816304432,0.7557875068800043
unbal_r100,unbalanced,15,923,2,5,UniForCE,4,0.3493332862854004,0.9518385086087257,0.8465492292246654,0.8476729599277799
uvar_r3,unequal_var,0,800,2,4,UniForCE,3,0.2358849048614502,0.71188605051044,0.8505992674418887,0.8510631604271492
uvar_r3,unequal_var,1,800,2,4,UniForCE,4,0.26973867416381836,0.9834797071256014,0.9757545634508217,0.9758534605985731
uvar_r3,unequal_var,2,800,2,4,UniForCE,1,0.2428295612335205,0.0,0.0,0.0
uvar_r3,unequal_var,3,800,2,4,UniForCE,3,0.24053168296813965,0.7055022745769336,0.834559652966754,0.8350726246755064
unbal_r100,unbalanced,16,923,2,5,UniForCE,2,0.2973933219909668,0.24437495030897788,0.3979374956233152,0.40029440374496106
unbal_r100,unbalanced,17,923,2,5,UniForCE,4,0.33194398880004883,0.9739061571100308,0.9470262103239823,0.9474232722972669
unbal_r100,unbalanced,18,923,2,5,UniForCE,4,0.32793235778808594,0.9852029059904405,0.9344142510446618,0.9348942377910138
unbal_r100,unbalanced,19,923,2,5,UniForCE,4,0.3373591899871826,0.9277352023712402,0.8655860244728717,0.8665846783388292
uvar_r3,unequal_var,8,800,2,4,UniForCE,2,0.25672173500061035,0.33175912788012873,0.5692549303131138,0.5700870542809433
uvar_r3,unequal_var,9,800,2,4,UniForCE,4,0.26326608657836914,0.9834299362664248,0.9740209025010177,0.9741268727358879
uvar_r3,unequal_var,10,800,2,4,UniForCE,4,0.24280500411987305,0.9543308396844637,0.9440472167859482,0.9442755242257951
uvar_r3,unequal_var,11,800,2,4,UniForCE,4,0.284071683883667,0.9704047626580886,0.9610266381623045,0.9611856329026984
uvar_r3,unequal_var,4,800,2,4,UniForCE,4,0.2741577625274658,0.9933417784734855,0.9898503491528622,0.989891749872685
uvar_r3,unequal_var,5,800,2,4,UniForCE,4,0.27813148498535156,0.960727795852679,0.9486754939665826,0.9488848969704954
uvar_r3,unequal_var,6,800,2,4,UniForCE,2,0.24081945419311523,0.33175912788012873,0.5692549303131138,0.5700870542809433
uvar_r3,unequal_var,7,800,2,4,UniForCE,4,0.25592684745788574,0.9737752201920958,0.9694401042087294,0.9695647763178207
uvar_r3,unequal_var,12,800,2,4,UniForCE,3,0.2566337585449219,0.7055022745769336,0.834559652966754,0.8350726246755064
uvar_r3,unequal_var,13,800,2,4,UniForCE,3,0.2425384521484375,0.7041996651469205,0.8292493252722245,0.829778940457827
uvar_r3,unequal_var,14,800,2,4,UniForCE,3,0.25669145584106445,0.7102688046351815,0.8459378731167114,0.8464160681265566
uvar_r3,unequal_var,15,800,2,4,UniForCE,4,0.24206113815307617,0.9260682932124115,0.9139749170536016,0.9143261162939735
uvar_r3,unequal_var,16,800,2,4,UniForCE,3,0.29141998291015625,0.7086657170756138,0.8418208258146032,0.842311625527446
uvar_r3,unequal_var,17,800,2,4,UniForCE,4,0.2859799861907959,0.9512769052693548,0.9422097898589125,0.9424456106855045
uvar_r3,unequal_var,18,800,2,4,UniForCE,3,0.27431535720825195,0.7070768523588381,0.8380581785917662,0.8385604767989252
uvar_r3,unequal_var,19,800,2,4,UniForCE,4,0.2352755069732666,0.9769087324574236,0.9686451425856348,0.968773050430264
uvar_r10,unequal_var,0,800,2,4,UniForCE,1,0.2227783203125,0.0,0.0,0.0
uvar_r10,unequal_var,1,800,2,4,UniForCE,1,0.24527597427368164,0.0,0.0,0.0
uvar_r10,unequal_var,2,800,2,4,UniForCE,1,0.23404312133789062,0.0,0.0,0.0
uvar_r10,unequal_var,3,800,2,4,UniForCE,2,0.22179341316223145,0.31683801730517863,0.48988566658787985,0.4908573817877467
uvar_r10,unequal_var,4,800,2,4,UniForCE,1,0.2719707489013672,0.0,0.0,0.0
uvar_r10,unequal_var,5,800,2,4,UniForCE,2,0.2145383358001709,0.3216109340065371,0.5095979160149029,0.5105362473662431
uvar_r10,unequal_var,6,800,2,4,UniForCE,2,0.24175739288330078,0.3136454722219405,0.4845681020987716,0.485539214019221
uvar_r10,unequal_var,7,800,2,4,UniForCE,2,0.24171948432922363,0.3288027538357636,0.5469732655639153,0.5478459556762855
uvar_r10,unequal_var,8,800,2,4,UniForCE,2,0.267117977142334,0.30842480632942415,0.45130042865873377,0.45232258247945517
uvar_r10,unequal_var,9,800,2,4,UniForCE,1,0.24200201034545898,0.0,0.0,0.0
uvar_r10,unequal_var,10,800,2,4,UniForCE,1,0.2525947093963623,0.0,0.0,0.0
uvar_r10,unequal_var,11,800,2,4,UniForCE,1,0.23633313179016113,0.0,0.0,0.0
uvar_r10,unequal_var,12,800,2,4,UniForCE,1,0.25604867935180664,0.0,0.0,0.0
uvar_r10,unequal_var,13,800,2,4,UniForCE,2,0.24763083457946777,0.3266024670004306,0.53401325043821,0.534909044956194
uvar_r10,unequal_var,14,800,2,4,UniForCE,1,0.24272894859313965,0.0,0.0,0.0
uvar_r10,unequal_var,15,800,2,4,UniForCE,2,0.23632407188415527,0.30832444369518475,0.45760594692029266,0.4586220747169591
uvar_r10,unequal_var,16,800,2,4,UniForCE,1,0.22869420051574707,0.0,0.0,0.0
uvar_r10,unequal_var,17,800,2,4,UniForCE,1,0.24231743812561035,0.0,0.0,0.0
uvar_r10,unequal_var,18,800,2,4,UniForCE,2,0.23285889625549316,0.3266922533381639,0.5353771709138183,0.5362703434849633
uvar_r10,unequal_var,19,800,2,4,UniForCE,1,0.22601985931396484,0.0,0.0,0.0
elong_c5,elongated,0,800,2,4,UniForCE,2,0.29478025436401367,0.4819132514617714,0.6294157132419334,0.6300861633157718
elong_c5,elongated,1,800,2,4,UniForCE,2,0.27202820777893066,0.33249791144527985,0.5763406062058584,0.5771596324111227
elong_c5,elongated,2,800,2,4,UniForCE,1,0.2447817325592041,0.0,0.0,0.0
elong_c5,elongated,3,800,2,4,UniForCE,1,0.2520730495452881,0.0,0.0,0.0
elong_c5,elongated,4,800,2,4,UniForCE,2,0.2914097309112549,0.477157534844128,0.6216869855637739,0.6223714517253919
elong_c5,elongated,5,800,2,4,UniForCE,2,0.2798945903778076,0.28628541064967267,0.5001900725916293,0.5011658707173828
elong_c5,elongated,6,800,2,4,UniForCE,2,0.28170299530029297,0.46026856373013375,0.5866376319349965,0.5873856430580692
elong_c5,elongated,7,800,2,4,UniForCE,3,0.26720261573791504,0.6707481757039709,0.8012673634442439,0.8018870173905643
elong_c5,elongated,8,800,2,4,UniForCE,1,0.2911403179168701,0.0,0.0,0.0
elong_c5,elongated,9,800,2,4,UniForCE,1,0.2589445114135742,0.0,0.0,0.0
elong_c5,elongated,10,800,2,4,UniForCE,2,0.27802062034606934,0.30997125862375413,0.5283321158140742,0.5292473163500997
elong_c5,elongated,11,800,2,4,UniForCE,1,0.24989652633666992,0.0,0.0,0.0
elong_c5,elongated,12,800,2,4,UniForCE,1,0.24435639381408691,0.0,0.0,0.0
elong_c5,elongated,13,800,2,4,UniForCE,3,0.276824951171875,0.6727723003597963,0.7983167856024541,0.7989446654497412
elong_c5,elongated,14,800,2,4,UniForCE,1,0.2579982280731201,0.0,0.0,0.0
elong_c5,elongated,15,800,2,4,UniForCE,2,0.2711946964263916,0.2728458923907384,0.4824003857654269,0.48341416246547314
elong_c5,elongated,16,800,2,4,UniForCE,1,0.2824733257293701,0.0,0.0,0.0
elong_c5,elongated,17,800,2,4,UniForCE,1,0.2577693462371826,0.0,0.0,0.0
elong_c5,elongated,18,800,2,4,UniForCE,4,0.26207804679870605,0.8932839802587004,0.8654872688281849,0.8660360200834584
elong_c5,elongated,19,800,2,4,UniForCE,2,0.2838466167449951,0.32076143991038103,0.5461594701742065,0.5470381228580419
elong_c20,elongated,0,800,2,4,UniForCE,1,0.26856112480163574,0.0,0.0,0.0
elong_c20,elongated,1,800,2,4,UniForCE,1,0.22202086448669434,0.0,0.0,0.0
elong_c20,elongated,2,800,2,4,UniForCE,1,0.25777101516723633,0.0,0.0,0.0
elong_c20,elongated,3,800,2,4,UniForCE,1,0.23771452903747559,0.0,0.0,0.0
elong_c20,elongated,4,800,2,4,UniForCE,1,0.23897981643676758,0.0,0.0,0.0
elong_c20,elongated,5,800,2,4,UniForCE,1,0.26726531982421875,0.0,0.0,0.0
elong_c20,elongated,6,800,2,4,UniForCE,1,0.2296743392944336,0.0,0.0,0.0
elong_c20,elongated,7,800,2,4,UniForCE,1,0.3003263473510742,0.0,0.0,0.0
elong_c20,elongated,8,800,2,4,UniForCE,1,0.2453904151916504,0.0,0.0,0.0
elong_c20,elongated,9,800,2,4,UniForCE,1,0.27213525772094727,0.0,0.0,0.0
elong_c20,elongated,10,800,2,4,UniForCE,1,0.261197566986084,0.0,0.0,0.0
elong_c20,elongated,11,800,2,4,UniForCE,2,0.25951719284057617,0.10066320883422726,0.2181368152141918,0.2197009723280325
elong_c20,elongated,12,800,2,4,UniForCE,1,0.22834300994873047,0.0,0.0,0.0
elong_c20,elongated,13,800,2,4,UniForCE,1,0.2472372055053711,0.0,0.0,0.0
elong_c20,elongated,14,800,2,4,UniForCE,1,0.25060296058654785,0.0,0.0,0.0
elong_c20,elongated,15,800,2,4,UniForCE,1,0.30251145362854004,0.0,0.0,0.0
elong_c20,elongated,16,800,2,4,UniForCE,1,0.25957417488098145,0.0,0.0,0.0
elong_c20,elongated,17,800,2,4,UniForCE,1,0.2779679298400879,0.0,0.0,0.0
elong_c20,elongated,18,800,2,4,UniForCE,1,0.2514791488647461,0.0,0.0,0.0
elong_c20,elongated,19,800,2,4,UniForCE,1,0.2516672611236572,0.0,0.0,0.0
nongauss_t3,nongauss,0,800,2,5,UniForCE,5,0.29909348487854004,1.0,1.0,1.0
nongauss_t3,nongauss,1,800,2,5,UniForCE,5,0.2719862461090088,0.9968691099886755,0.9952518682725183,0.995281596448275
nongauss_t3,nongauss,2,800,2,5,UniForCE,5,0.2789726257324219,0.9906662181794057,0.9868488828432564,0.9869312223284835
nongauss_t3,nongauss,3,800,2,5,UniForCE,5,0.2788360118865967,0.9968691099886755,0.9952518682725183,0.995281596448275
nongauss_t3,nongauss,4,800,2,5,UniForCE,5,0.24568867683410645,0.9968691099886755,0.9952518682725183,0.995281596448275
nongauss_t3,nongauss,5,800,2,5,UniForCE,5,0.27133941650390625,0.9937579600246279,0.9915871831020886,0.9916398563708724
nongauss_t3,nongauss,6,800,2,5,UniForCE,5,0.29264187812805176,0.9844143449464446,0.9762764416680547,0.9764249758613377
nongauss_t3,nongauss,7,800,2,5,UniForCE,5,0.29203009605407715,0.9937382569747051,0.9905037133434422,0.9905631699923134
nongauss_t3,nongauss,8,800,2,5,UniForCE,5,0.2736690044403076,1.0,1.0,1.0
nongauss_t3,nongauss,9,800,2,5,UniForCE,5,0.2781660556793213,0.9968691099886755,0.9952518682725183,0.995281596448275
nongauss_t3,nongauss,10,800,2,5,UniForCE,5,0.2881295680999756,0.9937382569747051,0.9905037133434421,0.9905631699923133
nongauss_t3,nongauss,11,800,2,5,UniForCE,5,0.23630809783935547,0.9937480346795808,0.9905061789482672,0.9905656200078304
nongauss_t3,nongauss,12,800,2,5,UniForCE,5,0.25797128677368164,1.0,1.0,1.0
nongauss_t3,nongauss,13,800,2,5,UniForCE,5,0.2507975101470947,0.9968691099886755,0.9952518682725183,0.995281596448275
nongauss_t3,nongauss,14,800,2,5,UniForCE,5,0.2860443592071533,0.9968691099886755,0.9952518682725183,0.995281596448275
nongauss_t3,nongauss,15,800,2,5,UniForCE,5,0.27125120162963867,0.9968691099886755,0.9952518682725183,0.995281596448275
nongauss_t3,nongauss,16,800,2,5,UniForCE,5,0.2782471179962158,0.9968691099886755,0.9952518682725183,0.995281596448275
nongauss_t3,nongauss,17,800,2,5,UniForCE,5,0.2585945129394531,0.9906270701299357,0.9857604351852676,0.9858495899271909
nongauss_t3,nongauss,18,800,2,5,UniForCE,5,0.2683298587799072,0.9906075519462162,0.9857554961361727,0.9858446822564862
nongauss_t3,nongauss,19,800,2,5,UniForCE,5,0.2474663257598877,0.9937382569747051,0.9905037133434422,0.9905631699923134
nongauss_uniform,nongauss,0,800,2,5,UniForCE,5,0.24908733367919922,1.0,1.0,1.0
nongauss_uniform,nongauss,1,800,2,5,UniForCE,5,0.22928667068481445,1.0,1.0,1.0
nongauss_uniform,nongauss,2,800,2,5,UniForCE,5,0.24633169174194336,1.0,1.0,1.0
nongauss_uniform,nongauss,3,800,2,5,UniForCE,5,0.2729940414428711,1.0,1.0,1.0
nongauss_uniform,nongauss,4,800,2,5,UniForCE,5,0.23564958572387695,1.0,1.0,1.0
nongauss_uniform,nongauss,5,800,2,5,UniForCE,5,0.247819185256958,1.0,1.0,1.0
nongauss_uniform,nongauss,6,800,2,5,UniForCE,5,0.2960808277130127,1.0,1.0,1.0
nongauss_uniform,nongauss,7,800,2,5,UniForCE,5,0.25946497917175293,1.0,1.0,1.0
nongauss_uniform,nongauss,8,800,2,5,UniForCE,5,0.28165316581726074,1.0,1.0,1.0
nongauss_uniform,nongauss,9,800,2,5,UniForCE,5,0.23313236236572266,1.0,1.0,1.0
nongauss_uniform,nongauss,10,800,2,5,UniForCE,5,0.2539381980895996,1.0,1.0,1.0
nongauss_uniform,nongauss,11,800,2,5,UniForCE,5,0.26635265350341797,1.0,1.0,1.0
nongauss_uniform,nongauss,12,800,2,5,UniForCE,5,0.24230432510375977,1.0,1.0,1.0
nongauss_uniform,nongauss,13,800,2,5,UniForCE,5,0.25546956062316895,1.0,1.0,1.0
nongauss_uniform,nongauss,14,800,2,5,UniForCE,5,0.29021263122558594,1.0,1.0,1.0
nongauss_uniform,nongauss,15,800,2,5,UniForCE,5,0.23952865600585938,1.0,1.0,1.0
nongauss_uniform,nongauss,16,800,2,5,UniForCE,5,0.23985576629638672,1.0,1.0,1.0
nongauss_uniform,nongauss,17,800,2,5,UniForCE,5,0.28438448905944824,1.0,1.0,1.0
nongauss_uniform,nongauss,18,800,2,5,UniForCE,5,0.2653961181640625,1.0,1.0,1.0
nongauss_uniform,nongauss,19,800,2,5,UniForCE,5,0.25360560417175293,1.0,1.0,1.0
nongauss_mixed,nongauss,0,800,2,5,UniForCE,5,0.2869381904602051,0.9968691099886755,0.9952518682725183,0.995281596448275
nongauss_mixed,nongauss,1,800,2,5,UniForCE,5,0.31320619583129883,0.9968691099886755,0.9952518682725183,0.995281596448275
nongauss_mixed,nongauss,2,800,2,5,UniForCE,5,0.252610445022583,0.9968691099886755,0.9952518682725183,0.995281596448275
nongauss_mixed,nongauss,3,800,2,5,UniForCE,5,0.2797567844390869,1.0,1.0,1.0
nongauss_mixed,nongauss,4,800,2,5,UniForCE,5,0.25177860260009766,1.0,1.0,1.0
nongauss_mixed,nongauss,5,800,2,5,UniForCE,5,0.2905843257904053,1.0,1.0,1.0
nongauss_mixed,nongauss,6,800,2,5,UniForCE,5,0.2913551330566406,1.0,1.0,1.0
nongauss_mixed,nongauss,7,800,2,5,UniForCE,5,0.3224647045135498,1.0,1.0,1.0
nongauss_mixed,nongauss,8,800,2,5,UniForCE,5,0.29061365127563477,0.9968691099886755,0.9952518682725183,0.995281596448275
nongauss_mixed,nongauss,9,800,2,5,UniForCE,5,0.3166484832763672,0.9968691099886755,0.9952518682725184,0.9952815964482751
nongauss_mixed,nongauss,10,800,2,5,UniForCE,5,0.24326848983764648,1.0,1.0,1.0
nongauss_mixed,nongauss,11,800,2,5,UniForCE,5,0.290130615234375,1.0,1.0,1.0
nongauss_mixed,nongauss,12,800,2,5,UniForCE,5,0.2863888740539551,0.9968691099886755,0.9952518682725183,0.995281596448275
nongauss_mixed,nongauss,13,800,2,5,UniForCE,5,0.30635905265808105,0.9937579600246279,0.9915871831020886,0.9916398563708724
nongauss_mixed,nongauss,14,800,2,5,UniForCE,5,0.28433704376220703,1.0,1.0,1.0
nongauss_mixed,nongauss,15,800,2,5,UniForCE,5,0.31419897079467773,0.9968691099886755,0.9952518682725183,0.995281596448275
nongauss_mixed,nongauss,16,800,2,5,UniForCE,5,0.2742729187011719,1.0,1.0,1.0
nongauss_mixed,nongauss,17,800,2,5,UniForCE,5,0.27323150634765625,1.0,1.0,1.0
nongauss_mixed,nongauss,18,800,2,5,UniForCE,5,0.2743525505065918,1.0,1.0,1.0
nongauss_mixed,nongauss,19,800,2,5,UniForCE,5,0.2959113121032715,1.0,1.0,1.0
nongauss_skew,nongauss,0,800,2,5,UniForCE,5,0.2548093795776367,1.0,1.0,1.0
nongauss_skew,nongauss,1,800,2,5,UniForCE,5,0.2436976432800293,1.0,1.0,1.0
nongauss_skew,nongauss,2,800,2,5,UniForCE,5,0.2626347541809082,1.0,1.0,1.0
nongauss_skew,nongauss,3,800,2,5,UniForCE,5,0.2609243392944336,1.0,1.0,1.0
nongauss_skew,nongauss,4,800,2,5,UniForCE,5,0.24924039840698242,0.9968691099886755,0.9952518682725183,0.995281596448275
nongauss_skew,nongauss,5,800,2,5,UniForCE,5,0.280703067779541,1.0,1.0,1.0
nongauss_skew,nongauss,6,800,2,5,UniForCE,5,0.249342679977417,1.0,1.0,1.0
nongauss_skew,nongauss,7,800,2,5,UniForCE,5,0.2514619827270508,0.9968691099886755,0.9952518682725184,0.9952815964482751
nongauss_skew,nongauss,8,800,2,5,UniForCE,5,0.253450870513916,0.9968691099886755,0.9952518682725183,0.995281596448275
nongauss_skew,nongauss,9,800,2,5,UniForCE,5,0.24380803108215332,1.0,1.0,1.0
nongauss_skew,nongauss,10,800,2,5,UniForCE,5,0.22270750999450684,0.9937284793853706,0.9905012630412952,0.9905607351826979
nongauss_skew,nongauss,11,800,2,5,UniForCE,5,0.23572611808776855,0.9968691099886755,0.9952518682725183,0.995281596448275
nongauss_skew,nongauss,12,800,2,5,UniForCE,5,0.24402642250061035,1.0,1.0,1.0
nongauss_skew,nongauss,13,800,2,5,UniForCE,5,0.21729278564453125,0.9968691099886755,0.9952518682725183,0.995281596448275
nongauss_skew,nongauss,14,800,2,5,UniForCE,5,0.235015869140625,1.0,1.0,1.0
nongauss_skew,nongauss,15,800,2,5,UniForCE,5,0.2639284133911133,0.9937480346795808,0.9905061789482672,0.9905656200078304
nongauss_skew,nongauss,16,800,2,5,UniForCE,5,0.25377774238586426,1.0,1.0,1.0
nongauss_skew,nongauss,17,800,2,5,UniForCE,5,0.23947715759277344,0.9968691099886755,0.9952518682725184,0.9952815964482751
nongauss_skew,nongauss,18,800,2,5,UniForCE,5,0.24865221977233887,1.0,1.0,1.0
nongauss_skew,nongauss,19,800,2,5,UniForCE,5,0.23539447784423828,1.0,1.0,1.0
nongauss_t3_d10,nongauss,0,800,10,5,UniForCE,5,0.2497861385345459,1.0,1.0,1.0
nongauss_t3_d10,nongauss,1,800,10,5,UniForCE,5,0.2520437240600586,0.9937481085578733,0.990506147772212,0.990565589332136
nongauss_t3_d10,nongauss,2,800,10,5,UniForCE,5,0.28645801544189453,0.9968691099886755,0.9952518682725183,0.995281596448275
nongauss_t3_d10,nongauss,3,800,10,5,UniForCE,5,0.29759931564331055,0.9937284793853706,0.9905012630412952,0.9905607351826979
nongauss_t3_d10,nongauss,4,800,10,5,UniForCE,5,0.28366589546203613,1.0,1.0,1.0
nongauss_t3_d10,nongauss,5,800,10,5,UniForCE,5,0.2782914638519287,0.9968691099886755,0.9952518682725183,0.995281596448275
nongauss_t3_d10,nongauss,6,800,10,5,UniForCE,5,0.25533485412597656,0.9968691099886755,0.9952518682725183,0.995281596448275
nongauss_t3_d10,nongauss,7,800,10,5,UniForCE,5,0.25319695472717285,0.9968691099886755,0.9952518682725184,0.9952815964482751
nongauss_t3_d10,nongauss,8,800,10,5,UniForCE,5,0.22959017753601074,1.0,1.0,1.0
nongauss_t3_d10,nongauss,9,800,10,5,UniForCE,5,0.24479055404663086,0.9968691099886755,0.9952518682725183,0.995281596448275
nongauss_t3_d10,nongauss,10,800,10,5,UniForCE,5,0.2236931324005127,0.9968691099886755,0.9952518682725183,0.995281596448275
nongauss_t3_d10,nongauss,11,800,10,5,UniForCE,5,0.22021222114562988,0.9937481085578733,0.990506147772212,0.990565589332136
nongauss_t3_d10,nongauss,12,800,10,5,UniForCE,5,0.27538442611694336,1.0,1.0,1.0
nongauss_t3_d10,nongauss,13,800,10,5,UniForCE,5,0.27359986305236816,1.0,1.0,1.0
nongauss_t3_d10,nongauss,14,800,10,5,UniForCE,5,0.2873702049255371,0.9968691099886755,0.9952518682725183,0.995281596448275
nongauss_t3_d10,nongauss,15,800,10,5,UniForCE,5,0.26787853240966797,0.9968691099886755,0.9952518682725183,0.995281596448275
nongauss_t3_d10,nongauss,16,800,10,5,UniForCE,5,0.25713229179382324,0.9968691099886755,0.9952518682725183,0.995281596448275
nongauss_t3_d10,nongauss,17,800,10,5,UniForCE,5,0.282604455947876,1.0,1.0,1.0
nongauss_t3_d10,nongauss,18,800,10,5,UniForCE,4,0.2545609474182129,0.7802187580066238,0.9003958641248757,0.9009071797634787
nongauss_t3_d10,nongauss,19,800,10,5,UniForCE,5,0.2504138946533203,1.0,1.0,1.0
noise_10,noise,0,900,2,4,UniForCE,4,0.3600940704345703,1.0,1.0,1.0
noise_10,noise,1,900,2,4,UniForCE,4,0.36591029167175293,1.0,1.0,1.0
noise_10,noise,2,900,2,4,UniForCE,4,0.3824632167816162,1.0,1.0,1.0
noise_10,noise,3,900,2,4,UniForCE,3,0.3634819984436035,0.7135291615017669,0.8567036359125839,0.8571432161471717
noise_10,noise,4,900,2,4,UniForCE,4,0.3531918525695801,1.0,1.0,1.0
noise_10,noise,5,900,2,4,UniForCE,4,0.3519885540008545,1.0,1.0,1.0
noise_10,noise,6,900,2,4,UniForCE,4,0.33579206466674805,1.0,1.0,1.0
noise_10,noise,7,900,2,4,UniForCE,4,0.44182467460632324,1.0,1.0,1.0
noise_10,noise,8,900,2,4,UniForCE,4,0.4240379333496094,1.0,1.0,1.0
noise_10,noise,9,900,2,4,UniForCE,4,0.376209020614624,1.0,1.0,1.0
noise_10,noise,10,900,2,4,UniForCE,4,0.38435912132263184,1.0,1.0,1.0
noise_10,noise,11,900,2,4,UniForCE,4,0.38345956802368164,1.0,1.0,1.0
noise_10,noise,12,900,2,4,UniForCE,4,0.38463258743286133,1.0,1.0,1.0
noise_10,noise,13,900,2,4,UniForCE,4,0.3792428970336914,1.0,1.0,1.0
noise_10,noise,14,900,2,4,UniForCE,4,0.41710615158081055,1.0,1.0,1.0
noise_10,noise,15,900,2,4,UniForCE,4,0.3750574588775635,1.0,1.0,1.0
noise_10,noise,16,900,2,4,UniForCE,4,0.40543222427368164,1.0,1.0,1.0
noise_10,noise,17,900,2,4,UniForCE,4,0.38761281967163086,1.0,1.0,1.0
noise_10,noise,18,900,2,4,UniForCE,4,0.4121828079223633,1.0,1.0,1.0
noise_10,noise,19,900,2,4,UniForCE,4,0.38665127754211426,1.0,1.0,1.0
noise_30,noise,0,900,2,4,UniForCE,4,0.3487370014190674,1.0,1.0,1.0
noise_30,noise,1,900,2,4,UniForCE,3,0.38680052757263184,0.7117511426319999,0.8560549559148805,0.8566237235370306
noise_30,noise,2,900,2,4,UniForCE,3,0.38447141647338867,0.7133127475038233,0.8565770107817654,0.8571434506000934
noise_30,noise,3,900,2,4,UniForCE,4,0.4128093719482422,1.0,1.0,1.0
noise_30,noise,4,900,2,4,UniForCE,3,0.3826730251312256,0.7117511426319999,0.8560549559148805,0.8566237235370306
noise_30,noise,5,900,2,4,UniForCE,3,0.37122201919555664,0.7133127475038233,0.8565770107817654,0.8571434506000934
noise_30,noise,6,900,2,4,UniForCE,4,0.3567941188812256,1.0,1.0,1.0
noise_30,noise,7,900,2,4,UniForCE,3,0.35529136657714844,0.7133127475038233,0.8565770107817654,0.8571434506000934
noise_30,noise,8,900,2,4,UniForCE,2,0.34774231910705566,0.33321380663496336,0.5767564377411901,0.5777962667503203
noise_30,noise,9,900,2,4,UniForCE,4,0.337618350982666,1.0,1.0,1.0
noise_30,noise,10,900,2,4,UniForCE,3,0.4032890796661377,0.7133127475038233,0.8565770107817654,0.8571434506000934
noise_30,noise,11,900,2,4,UniForCE,3,0.3536851406097412,0.7148673093610903,0.8570962070581767,0.857660333713032
noise_30,noise,12,900,2,4,UniForCE,3,0.361966609954834,0.7117511426319999,0.8560549559148805,0.8566237235370306
noise_30,noise,13,900,2,4,UniForCE,3,0.3410518169403076,0.7148673093610903,0.8570962070581767,0.857660333713032
noise_30,noise,14,900,2,4,UniForCE,2,0.3335726261138916,0.3313355518177618,0.5754790270069972,0.5765229604136762
noise_30,noise,15,900,2,4,UniForCE,3,0.3502960205078125,0.7148673093610903,0.8570962070581767,0.857660333713032
noise_30,noise,16,900,2,4,UniForCE,3,0.3473947048187256,0.7133127475038233,0.8565770107817654,0.8571434506000934
noise_30,noise,17,900,2,4,UniForCE,2,0.33832454681396484,0.3313355518177618,0.5754790270069972,0.5765229604136762
noise_30,noise,18,900,2,4,UniForCE,4,0.39406442642211914,1.0,1.0,1.0
noise_30,noise,19,900,2,4,UniForCE,4,0.3615396022796631,1.0,1.0,1.0
noise_50,noise,0,900,2,4,UniForCE,1,0.38338303565979004,0.0,0.0,0.0
noise_50,noise,1,900,2,4,UniForCE,1,0.3541102409362793,0.0,0.0,0.0
noise_50,noise,2,900,2,4,UniForCE,1,0.27678680419921875,0.0,0.0,0.0
noise_50,noise,3,900,2,4,UniForCE,2,0.3692362308502197,0.3305370277363002,0.5748006831950069,0.5762682769441476
noise_50,noise,4,900,2,4,UniForCE,3,0.45194053649902344,0.7129229142703917,0.8563477843778987,0.857144020324395
noise_50,noise,5,900,2,4,UniForCE,2,0.3707132339477539,0.49833394306732454,0.6655917048711054,0.6666698331009998
noise_50,noise,6,900,2,4,UniForCE,3,0.4337437152862549,0.7129229142703917,0.8563477843778986,0.8571440203243947
noise_50,noise,7,900,2,4,UniForCE,1,0.39366650581359863,0.0,0.0,0.0
noise_50,noise,8,900,2,4,UniForCE,1,0.34885549545288086,0.0,0.0,0.0
noise_50,noise,9,900,2,4,UniForCE,2,0.3781147003173828,0.49833394306732454,0.6655917048711054,0.6666698331009998
noise_50,noise,10,900,2,4,UniForCE,1,0.367931604385376,0.0,0.0,0.0
noise_50,noise,11,900,2,4,UniForCE,3,0.3496534824371338,0.7129229142703917,0.8563477843778986,0.8571440203243947
noise_50,noise,12,900,2,4,UniForCE,2,0.3494377136230469,0.49833394306732454,0.6655917048711054,0.6666698331009998
noise_50,noise,13,900,2,4,UniForCE,2,0.36234450340270996,0.3331649049779347,0.5765914206702748,0.5780509140644647
noise_50,noise,14,900,2,4,UniForCE,3,0.32949399948120117,0.7150991125136422,0.8570751812928246,0.8578668637594704
noise_50,noise,15,900,2,4,UniForCE,2,0.3525416851043701,0.49833394306732454,0.6655917048711054,0.6666698331009998
noise_50,noise,16,900,2,4,UniForCE,3,0.3358309268951416,0.7129229142703917,0.8563477843778987,0.857144020324395
noise_50,noise,17,900,2,4,UniForCE,1,0.339019775390625,0.0,0.0,0.0
noise_50,noise,18,900,2,4,UniForCE,4,0.39377403259277344,1.0,1.0,1.0
noise_50,noise,19,900,2,4,UniForCE,2,0.3580965995788574,0.3331649049779347,0.5765914206702748,0.5780509140644647
nested_d2,nested,0,900,2,6,UniForCE,6,0.34411072731018066,0.9840731225151442,0.981579087283992,0.9817232197546204
nested_d2,nested,1,900,2,6,UniForCE,6,0.328765869140625,0.9893454398564513,0.9858436446353561,0.9859544060889708
nested_d2,nested,2,900,2,6,UniForCE,6,0.3172128200531006,1.0,1.0,1.0
nested_d2,nested,3,900,2,6,UniForCE,6,0.32973384857177734,0.9893631895147522,0.9858478706459742,0.9859585985431146
nested_d2,nested,4,900,2,6,UniForCE,5,0.3408963680267334,0.8180213939832162,0.9225994298510697,0.9231169387528342
nested_d2,nested,5,900,2,6,UniForCE,6,0.30733633041381836,0.9946547792687578,0.9924865266838148,0.9925453129681759
nested_d2,nested,6,900,2,6,UniForCE,6,0.2970595359802246,0.992000189305803,0.9895962084495391,0.9896776094601148
nested_d2,nested,7,900,2,6,UniForCE,6,0.3669772148132324,0.9840362273464001,0.979200707381977,0.9793634448981813
nested_d2,nested,8,900,2,6,UniForCE,6,0.3071303367614746,0.9893631895147522,0.9858478706459742,0.9859585985431146
nested_d2,nested,9,900,2,6,UniForCE,6,0.31617069244384766,0.9973273736639168,0.9962432711731919,0.9962726641888647
nested_d2,nested,10,900,2,6,UniForCE,6,0.36623191833496094,0.9893631895147522,0.9858478706459742,0.9859585985431146
nested_d2,nested,11,900,2,6,UniForCE,6,0.2959170341491699,0.9893276906223973,0.9858394187773373,0.9859502137864997
nested_d2,nested,12,900,2,6,UniForCE,6,0.3179969787597656,1.0,1.0,1.0
nested_d2,nested,13,900,2,6,UniForCE,6,0.35405611991882324,0.9973273736639168,0.996243271173192,0.9962726641888648
nested_d2,nested,14,900,2,6,UniForCE,6,0.3663952350616455,0.9867453981831147,0.9846819383542424,0.9848017926312203
nested_d2,nested,15,900,2,6,UniForCE,5,0.35477375984191895,0.8203624703622368,0.9266058478844956,0.9270965706032525
nested_d2,nested,16,900,2,6,UniForCE,6,0.3528468608856201,0.9973273736639168,0.996243271173192,0.9962726641888648
nested_d2,nested,17,900,2,6,UniForCE,6,0.37085700035095215,0.9866729410669858,0.9820868549719632,0.9822270104240213
nested_d2,nested,18,900,2,6,UniForCE,6,0.3304884433746338,0.9919822168139506,0.9887297665317704,0.9888179463378379
nested_d2,nested,19,900,2,6,UniForCE,6,0.35724782943725586,0.9919822168139506,0.9887297665317704,0.9888179463378379
null_gaussian_d2,null,0,600,2,1,UniForCE,1,0.18737387657165527,1.0,1.0,1.0
null_gaussian_d2,null,1,600,2,1,UniForCE,1,0.21146011352539062,1.0,1.0,1.0
null_gaussian_d2,null,2,600,2,1,UniForCE,1,0.17150211334228516,1.0,1.0,1.0
null_gaussian_d2,null,3,600,2,1,UniForCE,1,0.16573834419250488,1.0,1.0,1.0
null_gaussian_d2,null,4,600,2,1,UniForCE,1,0.17412829399108887,1.0,1.0,1.0
null_gaussian_d2,null,5,600,2,1,UniForCE,1,0.18713593482971191,1.0,1.0,1.0
null_gaussian_d2,null,6,600,2,1,UniForCE,1,0.20029211044311523,1.0,1.0,1.0
null_gaussian_d2,null,7,600,2,1,UniForCE,1,0.1912684440612793,1.0,1.0,1.0
null_gaussian_d2,null,8,600,2,1,UniForCE,1,0.1859912872314453,1.0,1.0,1.0
null_gaussian_d2,null,9,600,2,1,UniForCE,1,0.1693577766418457,1.0,1.0,1.0
null_gaussian_d2,null,10,600,2,1,UniForCE,1,0.18076801300048828,1.0,1.0,1.0
null_gaussian_d2,null,11,600,2,1,UniForCE,1,0.16969919204711914,1.0,1.0,1.0
null_gaussian_d2,null,12,600,2,1,UniForCE,1,0.19408893585205078,1.0,1.0,1.0
null_gaussian_d2,null,13,600,2,1,UniForCE,1,0.17174148559570312,1.0,1.0,1.0
null_gaussian_d2,null,14,600,2,1,UniForCE,1,0.1877737045288086,1.0,1.0,1.0
null_gaussian_d2,null,15,600,2,1,UniForCE,1,0.16514921188354492,1.0,1.0,1.0
null_gaussian_d2,null,16,600,2,1,UniForCE,1,0.17659997940063477,1.0,1.0,1.0
null_gaussian_d2,null,17,600,2,1,UniForCE,1,0.15035152435302734,1.0,1.0,1.0
null_gaussian_d2,null,18,600,2,1,UniForCE,1,0.16106939315795898,1.0,1.0,1.0
null_gaussian_d2,null,19,600,2,1,UniForCE,1,0.1659858226776123,1.0,1.0,1.0
null_gaussian_d10,null,0,600,10,1,UniForCE,1,0.16160988807678223,1.0,1.0,1.0
null_gaussian_d10,null,1,600,10,1,UniForCE,1,0.16004657745361328,1.0,1.0,1.0
null_gaussian_d10,null,2,600,10,1,UniForCE,1,0.1816878318786621,1.0,1.0,1.0
null_gaussian_d10,null,3,600,10,1,UniForCE,1,0.196333646774292,1.0,1.0,1.0
null_gaussian_d10,null,4,600,10,1,UniForCE,1,0.18603134155273438,1.0,1.0,1.0
null_gaussian_d10,null,5,600,10,1,UniForCE,1,0.18204045295715332,1.0,1.0,1.0
null_gaussian_d10,null,6,600,10,1,UniForCE,1,0.1994006633758545,1.0,1.0,1.0
null_gaussian_d10,null,7,600,10,1,UniForCE,1,0.18192648887634277,1.0,1.0,1.0
null_gaussian_d10,null,8,600,10,1,UniForCE,1,0.17935729026794434,1.0,1.0,1.0
null_gaussian_d10,null,9,600,10,1,UniForCE,1,0.1615445613861084,1.0,1.0,1.0
null_gaussian_d10,null,10,600,10,1,UniForCE,1,0.1900773048400879,1.0,1.0,1.0
null_gaussian_d10,null,11,600,10,1,UniForCE,1,0.20360422134399414,1.0,1.0,1.0
null_gaussian_d10,null,12,600,10,1,UniForCE,1,0.17317628860473633,1.0,1.0,1.0
null_gaussian_d10,null,13,600,10,1,UniForCE,1,0.20485138893127441,1.0,1.0,1.0
null_gaussian_d10,null,14,600,10,1,UniForCE,1,0.2105388641357422,1.0,1.0,1.0
null_gaussian_d10,null,15,600,10,1,UniForCE,1,0.19741439819335938,1.0,1.0,1.0
null_gaussian_d10,null,16,600,10,1,UniForCE,1,0.2067112922668457,1.0,1.0,1.0
null_gaussian_d10,null,17,600,10,1,UniForCE,1,0.19189977645874023,1.0,1.0,1.0
null_gaussian_d10,null,18,600,10,1,UniForCE,1,0.19059085845947266,1.0,1.0,1.0
null_gaussian_d10,null,19,600,10,1,UniForCE,1,0.20494294166564941,1.0,1.0,1.0
null_uniform_d2,null,0,600,2,1,UniForCE,1,0.1839284896850586,1.0,1.0,1.0
null_uniform_d2,null,1,600,2,1,UniForCE,1,0.22475099563598633,1.0,1.0,1.0
null_uniform_d2,null,2,600,2,1,UniForCE,1,0.14598989486694336,1.0,1.0,1.0
null_uniform_d2,null,3,600,2,1,UniForCE,1,0.1696004867553711,1.0,1.0,1.0
null_uniform_d2,null,4,600,2,1,UniForCE,1,0.1676025390625,1.0,1.0,1.0
null_uniform_d2,null,5,600,2,1,UniForCE,1,0.16800761222839355,1.0,1.0,1.0
null_uniform_d2,null,6,600,2,1,UniForCE,1,0.1825697422027588,1.0,1.0,1.0
null_uniform_d2,null,7,600,2,1,UniForCE,1,0.1739351749420166,1.0,1.0,1.0
null_uniform_d2,null,8,600,2,1,UniForCE,1,0.17206048965454102,1.0,1.0,1.0
null_uniform_d2,null,9,600,2,1,UniForCE,1,0.1831834316253662,1.0,1.0,1.0
null_uniform_d2,null,10,600,2,1,UniForCE,1,0.16897153854370117,1.0,1.0,1.0
null_uniform_d2,null,11,600,2,1,UniForCE,1,0.17037582397460938,1.0,1.0,1.0
null_uniform_d2,null,12,600,2,1,UniForCE,1,0.14363312721252441,1.0,1.0,1.0
null_uniform_d2,null,13,600,2,1,UniForCE,1,0.1687009334564209,1.0,1.0,1.0
null_uniform_d2,null,14,600,2,1,UniForCE,1,0.15453386306762695,1.0,1.0,1.0
null_uniform_d2,null,15,600,2,1,UniForCE,1,0.16362285614013672,1.0,1.0,1.0
null_uniform_d2,null,16,600,2,1,UniForCE,1,0.16376566886901855,1.0,1.0,1.0
null_uniform_d2,null,17,600,2,1,UniForCE,1,0.16898751258850098,1.0,1.0,1.0
null_uniform_d2,null,18,600,2,1,UniForCE,1,0.17212367057800293,1.0,1.0,1.0
null_uniform_d2,null,19,600,2,1,UniForCE,1,0.16397595405578613,1.0,1.0,1.0
null_uniform_d10,null,0,600,10,1,UniForCE,1,0.17007970809936523,1.0,1.0,1.0
null_uniform_d10,null,1,600,10,1,UniForCE,1,0.17473864555358887,1.0,1.0,1.0
null_uniform_d10,null,2,600,10,1,UniForCE,1,0.18242669105529785,1.0,1.0,1.0
null_uniform_d10,null,3,600,10,1,UniForCE,1,0.1783294677734375,1.0,1.0,1.0
null_uniform_d10,null,4,600,10,1,UniForCE,1,0.19169259071350098,1.0,1.0,1.0
null_uniform_d10,null,5,600,10,1,UniForCE,1,0.18568968772888184,1.0,1.0,1.0
null_uniform_d10,null,6,600,10,1,UniForCE,1,0.19361090660095215,1.0,1.0,1.0
null_uniform_d10,null,7,600,10,1,UniForCE,1,0.2058415412902832,1.0,1.0,1.0
null_uniform_d10,null,8,600,10,1,UniForCE,1,0.18252110481262207,1.0,1.0,1.0
null_uniform_d10,null,9,600,10,1,UniForCE,1,0.17863845825195312,1.0,1.0,1.0
null_uniform_d10,null,10,600,10,1,UniForCE,1,0.19890737533569336,1.0,1.0,1.0
null_uniform_d10,null,11,600,10,1,UniForCE,1,0.19310808181762695,1.0,1.0,1.0
null_uniform_d10,null,12,600,10,1,UniForCE,1,0.1721363067626953,1.0,1.0,1.0
null_uniform_d10,null,13,600,10,1,UniForCE,1,0.21128535270690918,1.0,1.0,1.0
null_uniform_d10,null,14,600,10,1,UniForCE,1,0.20361733436584473,1.0,1.0,1.0
null_uniform_d10,null,15,600,10,1,UniForCE,1,0.19763994216918945,1.0,1.0,1.0
null_uniform_d10,null,16,600,10,1,UniForCE,1,0.18066978454589844,1.0,1.0,1.0
null_uniform_d10,null,17,600,10,1,UniForCE,1,0.1922924518585205,1.0,1.0,1.0
null_uniform_d10,null,18,600,10,1,UniForCE,1,0.1852273941040039,1.0,1.0,1.0
null_uniform_d10,null,19,600,10,1,UniForCE,1,0.16228604316711426,1.0,1.0,1.0
null_t3_d2,null,0,600,2,1,UniForCE,1,0.1790323257446289,1.0,1.0,1.0
null_t3_d2,null,1,600,2,1,UniForCE,1,0.17732906341552734,1.0,1.0,1.0
null_t3_d2,null,2,600,2,1,UniForCE,1,0.172684907913208,1.0,1.0,1.0
null_t3_d2,null,3,600,2,1,UniForCE,1,0.17988038063049316,1.0,1.0,1.0
null_t3_d2,null,4,600,2,1,UniForCE,1,0.19467949867248535,1.0,1.0,1.0
null_t3_d2,null,5,600,2,1,UniForCE,1,0.17152738571166992,1.0,1.0,1.0
null_t3_d2,null,6,600,2,1,UniForCE,1,0.17923855781555176,1.0,1.0,1.0
null_t3_d2,null,7,600,2,1,UniForCE,1,0.15868759155273438,1.0,1.0,1.0
null_t3_d2,null,8,600,2,1,UniForCE,1,0.18334150314331055,1.0,1.0,1.0
null_t3_d2,null,9,600,2,1,UniForCE,1,0.15063095092773438,1.0,1.0,1.0
null_t3_d2,null,10,600,2,1,UniForCE,1,0.17055439949035645,1.0,1.0,1.0
null_t3_d2,null,11,600,2,1,UniForCE,1,0.17894196510314941,1.0,1.0,1.0
null_t3_d2,null,12,600,2,1,UniForCE,1,0.14799904823303223,1.0,1.0,1.0
null_t3_d2,null,13,600,2,1,UniForCE,1,0.1831653118133545,1.0,1.0,1.0
null_t3_d2,null,14,600,2,1,UniForCE,1,0.1459212303161621,1.0,1.0,1.0
null_t3_d2,null,15,600,2,1,UniForCE,1,0.15625762939453125,1.0,1.0,1.0
null_t3_d2,null,16,600,2,1,UniForCE,1,0.2026364803314209,1.0,1.0,1.0
null_t3_d2,null,17,600,2,1,UniForCE,1,0.16978836059570312,1.0,1.0,1.0
null_t3_d2,null,18,600,2,1,UniForCE,1,0.1828935146331787,1.0,1.0,1.0
null_t3_d2,null,19,600,2,1,UniForCE,1,0.19708013534545898,1.0,1.0,1.0
null_t3_d10,null,0,600,10,1,UniForCE,1,0.16044855117797852,1.0,1.0,1.0
null_t3_d10,null,1,600,10,1,UniForCE,1,0.20580387115478516,1.0,1.0,1.0
null_t3_d10,null,2,600,10,1,UniForCE,1,0.20801162719726562,1.0,1.0,1.0
null_t3_d10,null,3,600,10,1,UniForCE,1,0.20542097091674805,1.0,1.0,1.0
null_t3_d10,null,4,600,10,1,UniForCE,1,0.20049238204956055,1.0,1.0,1.0
null_t3_d10,null,5,600,10,1,UniForCE,1,0.20794105529785156,1.0,1.0,1.0
null_t3_d10,null,6,600,10,1,UniForCE,1,0.1831982135772705,1.0,1.0,1.0
null_t3_d10,null,7,600,10,1,UniForCE,1,0.19221806526184082,1.0,1.0,1.0
null_t3_d10,null,8,600,10,1,UniForCE,1,0.20724225044250488,1.0,1.0,1.0
null_t3_d10,null,9,600,10,1,UniForCE,1,0.21166729927062988,1.0,1.0,1.0
null_t3_d10,null,10,600,10,1,UniForCE,1,0.19105958938598633,1.0,1.0,1.0
null_t3_d10,null,11,600,10,1,UniForCE,1,0.17881417274475098,1.0,1.0,1.0
null_t3_d10,null,12,600,10,1,UniForCE,1,0.20716404914855957,1.0,1.0,1.0
null_t3_d10,null,13,600,10,1,UniForCE,1,0.199920654296875,1.0,1.0,1.0
null_t3_d10,null,14,600,10,1,UniForCE,1,0.1675574779510498,1.0,1.0,1.0
null_t3_d10,null,15,600,10,1,UniForCE,1,0.19740962982177734,1.0,1.0,1.0
null_t3_d10,null,16,600,10,1,UniForCE,1,0.16286492347717285,1.0,1.0,1.0
null_t3_d10,null,17,600,10,1,UniForCE,1,0.20314407348632812,1.0,1.0,1.0
null_t3_d10,null,18,600,10,1,UniForCE,1,0.1831364631652832,1.0,1.0,1.0
null_t3_d10,null,19,600,10,1,UniForCE,1,0.20392084121704102,1.0,1.0,1.0
null_aniso_d2,null,0,600,2,1,UniForCE,1,0.17197847366333008,1.0,1.0,1.0
null_aniso_d2,null,1,600,2,1,UniForCE,1,0.16603326797485352,1.0,1.0,1.0
null_aniso_d2,null,2,600,2,1,UniForCE,1,0.17060494422912598,1.0,1.0,1.0
null_aniso_d2,null,3,600,2,1,UniForCE,1,0.14829039573669434,1.0,1.0,1.0
null_aniso_d2,null,4,600,2,1,UniForCE,1,0.16222620010375977,1.0,1.0,1.0
null_aniso_d2,null,5,600,2,1,UniForCE,1,0.14902734756469727,1.0,1.0,1.0
null_aniso_d2,null,6,600,2,1,UniForCE,1,0.14292168617248535,1.0,1.0,1.0
null_aniso_d2,null,7,600,2,1,UniForCE,1,0.16785764694213867,1.0,1.0,1.0
null_aniso_d2,null,8,600,2,1,UniForCE,1,0.17861247062683105,1.0,1.0,1.0
null_aniso_d2,null,9,600,2,1,UniForCE,1,0.1682889461517334,1.0,1.0,1.0
null_aniso_d2,null,10,600,2,1,UniForCE,1,0.17626452445983887,1.0,1.0,1.0
null_aniso_d2,null,11,600,2,1,UniForCE,1,0.20364046096801758,1.0,1.0,1.0
null_aniso_d2,null,12,600,2,1,UniForCE,1,0.14801597595214844,1.0,1.0,1.0
null_aniso_d2,null,13,600,2,1,UniForCE,1,0.19199109077453613,1.0,1.0,1.0
null_aniso_d2,null,14,600,2,1,UniForCE,1,0.17256736755371094,1.0,1.0,1.0
null_aniso_d2,null,15,600,2,1,UniForCE,1,0.16780829429626465,1.0,1.0,1.0
null_aniso_d2,null,16,600,2,1,UniForCE,1,0.16855669021606445,1.0,1.0,1.0
null_aniso_d2,null,17,600,2,1,UniForCE,1,0.1783900260925293,1.0,1.0,1.0
null_aniso_d2,null,18,600,2,1,UniForCE,1,0.1761465072631836,1.0,1.0,1.0
null_aniso_d2,null,19,600,2,1,UniForCE,1,0.20386242866516113,1.0,1.0,1.0
null_aniso_d10,null,0,600,10,1,UniForCE,1,0.19402599334716797,1.0,1.0,1.0
null_aniso_d10,null,1,600,10,1,UniForCE,1,0.19852757453918457,1.0,1.0,1.0
null_aniso_d10,null,2,600,10,1,UniForCE,1,0.212144136428833,1.0,1.0,1.0
null_aniso_d10,null,3,600,10,1,UniForCE,1,0.17477059364318848,1.0,1.0,1.0
null_aniso_d10,null,4,600,10,1,UniForCE,1,0.18009018898010254,1.0,1.0,1.0
null_aniso_d10,null,5,600,10,1,UniForCE,1,0.19756317138671875,1.0,1.0,1.0
null_aniso_d10,null,6,600,10,1,UniForCE,1,0.17444825172424316,1.0,1.0,1.0
null_aniso_d10,null,7,600,10,1,UniForCE,1,0.17775940895080566,1.0,1.0,1.0
null_aniso_d10,null,8,600,10,1,UniForCE,1,0.18837451934814453,1.0,1.0,1.0
null_aniso_d10,null,9,600,10,1,UniForCE,1,0.1900334358215332,1.0,1.0,1.0
null_aniso_d10,null,10,600,10,1,UniForCE,1,0.16326045989990234,1.0,1.0,1.0
null_aniso_d10,null,11,600,10,1,UniForCE,1,0.15201210975646973,1.0,1.0,1.0
null_aniso_d10,null,12,600,10,1,UniForCE,1,0.19199681282043457,1.0,1.0,1.0
null_aniso_d10,null,13,600,10,1,UniForCE,1,0.19053149223327637,1.0,1.0,1.0
null_aniso_d10,null,14,600,10,1,UniForCE,1,0.17482948303222656,1.0,1.0,1.0
null_aniso_d10,null,15,600,10,1,UniForCE,1,0.16431593894958496,1.0,1.0,1.0
Iris,real,0,150,4,3,UniForCE,1,0.006873607635498047,0.0,0.0,0.0
Iris,real,1,150,4,3,UniForCE,2,0.008624553680419922,0.5681159420289855,0.7315847607219573,0.7336804366512104
Iris,real,2,150,4,3,UniForCE,2,0.010449409484863281,0.5681159420289855,0.7315847607219573,0.7336804366512104
Iris,real,3,150,4,3,UniForCE,2,0.006850242614746094,0.5681159420289855,0.7315847607219573,0.7336804366512104
Iris,real,4,150,4,3,UniForCE,2,0.009177923202514648,0.5681159420289855,0.7315847607219573,0.7336804366512104
Iris,real,5,150,4,3,UniForCE,2,0.008301496505737305,0.5681159420289855,0.7315847607219573,0.7336804366512104
Iris,real,6,150,4,3,UniForCE,2,0.008783578872680664,0.5681159420289855,0.7315847607219573,0.7336804366512104
Iris,real,7,150,4,3,UniForCE,2,0.011439085006713867,0.5681159420289855,0.7315847607219573,0.7336804366512104
Iris,real,8,150,4,3,UniForCE,2,0.0074291229248046875,0.5681159420289855,0.7315847607219573,0.7336804366512104
Iris,real,9,150,4,3,UniForCE,2,0.007901430130004883,0.5681159420289855,0.7315847607219573,0.7336804366512104
Wine,real,0,178,13,3,UniForCE,1,0.008862495422363281,0.0,0.0,0.0
Wine,real,1,178,13,3,UniForCE,1,0.011083364486694336,0.0,0.0,0.0
null_aniso_d10,null,16,600,10,1,UniForCE,1,0.1641709804534912,1.0,1.0,1.0
null_aniso_d10,null,17,600,10,1,UniForCE,1,0.18668246269226074,1.0,1.0,1.0
null_aniso_d10,null,18,600,10,1,UniForCE,1,0.1735856533050537,1.0,1.0,1.0
null_aniso_d10,null,19,600,10,1,UniForCE,1,0.17487549781799316,1.0,1.0,1.0
Wine,real,2,178,13,3,UniForCE,2,0.009749174118041992,0.45356971295105997,0.5833707056198998,0.5861656873803656
Wine,real,3,178,13,3,UniForCE,2,0.010594844818115234,0.4610041624800529,0.5959196322345904,0.5986385941431798
Wine,real,4,178,13,3,UniForCE,1,0.01214742660522461,0.0,0.0,0.0
Wine,real,5,178,13,3,UniForCE,1,0.011077642440795898,0.0,0.0,0.0
Wine,real,6,178,13,3,UniForCE,1,0.017055511474609375,0.0,0.0,0.0
Wine,real,7,178,13,3,UniForCE,2,0.011820077896118164,0.4847385885049859,0.6436132252904821,0.6460345997453271
Wine,real,8,178,13,3,UniForCE,1,0.008425474166870117,0.0,0.0,0.0
Wine,real,9,178,13,3,UniForCE,1,0.013982534408569336,0.0,0.0,0.0
Breast cancer,real,0,569,30,2,UniForCE,1,0.16739487648010254,0.0,0.0,0.0
Breast cancer,real,1,569,30,2,UniForCE,1,0.17847967147827148,0.0,0.0,0.0
Breast cancer,real,2,569,30,2,UniForCE,1,0.16889357566833496,0.0,0.0,0.0
Breast cancer,real,3,569,30,2,UniForCE,1,0.16089820861816406,0.0,0.0,0.0
Breast cancer,real,4,569,30,2,UniForCE,1,0.2008354663848877,0.0,0.0,0.0
Breast cancer,real,5,569,30,2,UniForCE,1,0.17691469192504883,0.0,0.0,0.0
Breast cancer,real,6,569,30,2,UniForCE,1,0.16239476203918457,0.0,0.0,0.0
Breast cancer,real,7,569,30,2,UniForCE,1,0.1766345500946045,0.0,0.0,0.0
Breast cancer,real,8,569,30,2,UniForCE,1,0.15042996406555176,0.0,0.0,0.0
Breast cancer,real,9,569,30,2,UniForCE,1,0.15090203285217285,0.0,0.0,0.0
Digits,real,0,1797,64,10,UniForCE,6,2.8289339542388916,0.32539086445776055,0.6637649597102246,0.6660216232017607
Digits,real,1,1797,64,10,UniForCE,4,2.91294002532959,0.17714652770488387,0.5518808559834631,0.5539834772123161
Digits,real,2,1797,64,10,UniForCE,5,2.872973680496216,0.27316630004752057,0.6065378692874993,0.6087500468952459
Digits,real,3,1797,64,10,UniForCE,5,2.9031643867492676,0.25149659430097043,0.6099564430348515,0.6121929845739512
Digits,real,4,1797,64,10,UniForCE,4,2.94836688041687,0.2159915784372204,0.5238880163094738,0.5260184143580854
Digits,real,5,1797,64,10,UniForCE,7,3.2477145195007324,0.3735942647544673,0.6824089643474046,0.6848731842831728
Digits-700,real,0,700,64,10,UniForCE,5,0.4329836368560791,0.21557754916872757,0.5583196661150472,0.5650938953147348
Digits-700,real,1,700,64,10,UniForCE,4,0.4094376564025879,0.1895313858231104,0.5458847126286573,0.551384005497915
Digits-700,real,2,700,64,10,UniForCE,7,0.37336063385009766,0.49235044749814044,0.6840862964554085,0.6902130338707054
Digits-700,real,3,700,64,10,UniForCE,3,0.3963649272918701,0.10989669433285984,0.4170780109724963,0.4222934946243629
Digits-700,real,4,700,64,10,UniForCE,6,0.43450164794921875,0.31168578527972735,0.644002243729099,0.6503469779824247
Digits-700,real,5,700,64,10,UniForCE,5,0.45449233055114746,0.24554343136022744,0.5942990623926082,0.6004591597036607
Digits-700,real,6,700,64,10,UniForCE,2,0.4642150402069092,0.03161283520580308,0.16941480665699515,0.17371677089483195
Digits-700,real,7,700,64,10,UniForCE,3,0.3905601501464844,0.1135877981162811,0.4153744927993376,0.42056768827803187
Digits-700,real,8,700,64,10,UniForCE,4,0.3802344799041748,0.1545421895140381,0.49016067414825587,0.49653148983712087
Digits-700,real,9,700,64,10,UniForCE,4,0.42138147354125977,0.14746093812593528,0.45649265170116404,0.46323968607586435
Digits-0168,real,0,715,64,4,UniForCE,3,0.4174611568450928,0.35777612290640487,0.5635597125031371,0.5652277527160638
Digits-0168,real,1,715,64,4,UniForCE,2,0.4108729362487793,0.32958177546529044,0.5618771470712325,0.5628244618740685
Digits,real,6,1797,64,10,UniForCE,5,2.97088623046875,0.2612811556590888,0.6277864070705752,0.6299156298650183
Digits,real,7,1797,64,10,UniForCE,6,2.9937167167663574,0.2848411846018916,0.6328344563711028,0.6353551677631932
Digits,real,8,1797,64,10,UniForCE,4,2.9115214347839355,0.17074932438869156,0.5192278588167882,0.5214687541339639
Digits,real,9,1797,64,10,UniForCE,4,3.1238651275634766,0.1649383447516059,0.502769850089781,0.5050892643529116
Digits-0168,real,2,715,64,4,UniForCE,4,0.40312671661376953,0.6428682577101972,0.6950219324092175,0.6964710458779172
Digits-0168,real,3,715,64,4,UniForCE,3,0.41866540908813477,0.655139341601239,0.7491057154212521,0.7499702377508025
Digits-0168,real,4,715,64,4,UniForCE,2,0.37312793731689453,0.32958177546529044,0.5618771470712325,0.5628244618740685
Digits-0168,real,5,715,64,4,UniForCE,4,0.45261287689208984,0.6620893521658634,0.7232630800147448,0.7245816895015058
Digits-0168,real,6,715,64,4,UniForCE,2,0.4067831039428711,0.32958177546529044,0.5618771470712325,0.5628244618740685
Digits-0168,real,7,715,64,4,UniForCE,2,0.4213097095489502,0.025976401536521216,0.1301794513283854,0.1323863667377968
Digits-0168,real,8,715,64,4,UniForCE,3,0.4430875778198242,0.6828160994983594,0.7890665758684712,0.7897985237777783
Digits-0168,real,9,715,64,4,UniForCE,4,0.41643357276916504,0.6596502800509637,0.7162914288665457,0.7176412776678905
Digits-0to4,real,0,901,64,5,UniForCE,3,0.7778925895690918,0.5486320972351161,0.701586145429077,0.7025868999142099
Digits-0to4,real,1,901,64,5,UniForCE,3,0.7213060855865479,0.5410505234964728,0.6894647846627264,0.6905060886055296
Digits-0to4,real,2,901,64,5,UniForCE,2,0.7213780879974365,0.20729264163125594,0.47078218875359784,0.4719043053475592
Digits-0to4,real,3,901,64,5,UniForCE,3,0.7101290225982666,0.5393181832527086,0.6870225067385851,0.6880719533452871
Digits-0to4,real,4,901,64,5,UniForCE,5,0.7558536529541016,0.7565461390259863,0.7884586977380031,0.7896464724137342
Digits-0to4,real,5,901,64,5,UniForCE,4,0.7371206283569336,0.7150852857805802,0.8090762456146486,0.8099420934679731
Digits-0to4,real,6,901,64,5,UniForCE,3,0.6485595703125,0.4651041614230416,0.6819975080641842,0.6830974566663891
Digits-0to4,real,7,901,64,5,UniForCE,5,0.7540085315704346,0.7515746358325602,0.7825217046473663,0.7837436658696163
Digits-0to4,real,8,901,64,5,UniForCE,4,0.6896886825561523,0.7071515769359891,0.798539127919566,0.7994529819564496
Digits-0to4,real,9,901,64,5,UniForCE,3,0.7533063888549805,0.5443887840170227,0.6910169887719311,0.692052846528
Digits-PCA10,real,0,1797,10,10,UniForCE,1,1.3194231986999512,0.0,0.0,0.0
Digits-PCA10,real,1,1797,10,10,UniForCE,1,1.346433401107788,0.0,0.0,0.0
Digits-PCA10,real,2,1797,10,10,UniForCE,2,1.250309944152832,0.04464587559242826,0.2295371397157646,0.23102453721517965
Digits-PCA10,real,3,1797,10,10,UniForCE,1,1.2616186141967773,0.0,0.0,0.0
Digits-PCA10,real,4,1797,10,10,UniForCE,2,1.2302007675170898,0.043016498593332765,0.2243888141425532,0.225889391104782
Digits-PCA10,real,5,1797,10,10,UniForCE,2,1.2309002876281738,0.04464587559242826,0.2295371397157646,0.23102453721517965
BC-benign(1cls),real,0,357,30,1,UniForCE,1,0.06717157363891602,1.0,1.0,1.0
BC-benign(1cls),real,1,357,30,1,UniForCE,1,0.06607556343078613,1.0,1.0,1.0
BC-benign(1cls),real,2,357,30,1,UniForCE,1,0.0693671703338623,1.0,1.0,1.0
BC-benign(1cls),real,3,357,30,1,UniForCE,1,0.06343293190002441,1.0,1.0,1.0
BC-benign(1cls),real,4,357,30,1,UniForCE,1,0.07445240020751953,1.0,1.0,1.0
BC-benign(1cls),real,5,357,30,1,UniForCE,1,0.05262041091918945,1.0,1.0,1.0
BC-benign(1cls),real,6,357,30,1,UniForCE,1,0.06204724311828613,1.0,1.0,1.0
BC-benign(1cls),real,7,357,30,1,UniForCE,1,0.04957222938537598,1.0,1.0,1.0
BC-benign(1cls),real,8,357,30,1,UniForCE,1,0.05716371536254883,1.0,1.0,1.0
BC-benign(1cls),real,9,357,30,1,UniForCE,1,0.06048321723937988,1.0,1.0,1.0
BC-malignant(1cls),real,0,212,30,1,UniForCE,1,0.018701791763305664,1.0,1.0,1.0
BC-malignant(1cls),real,1,212,30,1,UniForCE,1,0.020744800567626953,1.0,1.0,1.0
BC-malignant(1cls),real,2,212,30,1,UniForCE,1,0.022431373596191406,1.0,1.0,1.0
BC-malignant(1cls),real,3,212,30,1,UniForCE,1,0.022432565689086914,1.0,1.0,1.0
BC-malignant(1cls),real,4,212,30,1,UniForCE,1,0.020566940307617188,1.0,1.0,1.0
BC-malignant(1cls),real,5,212,30,1,UniForCE,1,0.018925189971923828,1.0,1.0,1.0
BC-malignant(1cls),real,6,212,30,1,UniForCE,1,0.02257084846496582,1.0,1.0,1.0
BC-malignant(1cls),real,7,212,30,1,UniForCE,1,0.02195453643798828,1.0,1.0,1.0
BC-malignant(1cls),real,8,212,30,1,UniForCE,1,0.018011808395385742,1.0,1.0,1.0
BC-malignant(1cls),real,9,212,30,1,UniForCE,1,0.017278194427490234,1.0,1.0,1.0
Digit-1(1cls),real,0,182,64,1,UniForCE,2,0.011821508407592773,0.0,0.0,0.0
Digit-1(1cls),real,1,182,64,1,UniForCE,2,0.013670682907104492,0.0,0.0,0.0
Digit-1(1cls),real,2,182,64,1,UniForCE,2,0.014245748519897461,0.0,0.0,0.0
Digit-1(1cls),real,3,182,64,1,UniForCE,2,0.014944076538085938,0.0,0.0,0.0
Digit-1(1cls),real,4,182,64,1,UniForCE,2,0.01704692840576172,0.0,0.0,0.0
Digit-1(1cls),real,5,182,64,1,UniForCE,2,0.013816356658935547,0.0,0.0,0.0
Digit-1(1cls),real,6,182,64,1,UniForCE,2,0.013257265090942383,0.0,0.0,0.0
Digit-1(1cls),real,7,182,64,1,UniForCE,2,0.011481761932373047,0.0,0.0,0.0
Digit-1(1cls),real,8,182,64,1,UniForCE,2,0.015523910522460938,0.0,0.0,0.0
Digit-1(1cls),real,9,182,64,1,UniForCE,2,0.012299537658691406,0.0,0.0,0.0
Digit-3(1cls),real,0,183,64,1,UniForCE,1,0.016292333602905273,1.0,1.0,1.0
Digit-3(1cls),real,1,183,64,1,UniForCE,1,0.017002582550048828,1.0,1.0,1.0
Digit-3(1cls),real,2,183,64,1,UniForCE,1,0.01817488670349121,1.0,1.0,1.0
Digit-3(1cls),real,3,183,64,1,UniForCE,1,0.01779460906982422,1.0,1.0,1.0
Digit-3(1cls),real,4,183,64,1,UniForCE,1,0.01961970329284668,1.0,1.0,1.0
Digit-3(1cls),real,5,183,64,1,UniForCE,1,0.018542051315307617,1.0,1.0,1.0
Digit-3(1cls),real,6,183,64,1,UniForCE,1,0.017633438110351562,1.0,1.0,1.0
Digit-3(1cls),real,7,183,64,1,UniForCE,1,0.01959538459777832,1.0,1.0,1.0
Digit-3(1cls),real,8,183,64,1,UniForCE,1,0.016819477081298828,1.0,1.0,1.0
Digit-3(1cls),real,9,183,64,1,UniForCE,1,0.017580747604370117,1.0,1.0,1.0
Digit-7(1cls),real,0,179,64,1,UniForCE,1,0.026011228561401367,1.0,1.0,1.0
Digit-7(1cls),real,1,179,64,1,UniForCE,1,0.018532991409301758,1.0,1.0,1.0
Digit-7(1cls),real,2,179,64,1,UniForCE,1,0.021004915237426758,1.0,1.0,1.0
Digit-7(1cls),real,3,179,64,1,UniForCE,1,0.018656015396118164,1.0,1.0,1.0
Digit-7(1cls),real,4,179,64,1,UniForCE,1,0.020836830139160156,1.0,1.0,1.0
Digit-7(1cls),real,5,179,64,1,UniForCE,1,0.013917684555053711,1.0,1.0,1.0
Digit-7(1cls),real,6,179,64,1,UniForCE,1,0.01874542236328125,1.0,1.0,1.0
Digit-7(1cls),real,7,179,64,1,UniForCE,1,0.017618656158447266,1.0,1.0,1.0
Digit-7(1cls),real,8,179,64,1,UniForCE,1,0.01534128189086914,1.0,1.0,1.0
Digit-7(1cls),real,9,179,64,1,UniForCE,1,0.017780542373657227,1.0,1.0,1.0
Wine-c1(1cls),real,0,71,13,1,UniForCE,1,0.0021207332611083984,1.0,1.0,1.0
Wine-c1(1cls),real,1,71,13,1,UniForCE,1,0.0013322830200195312,1.0,1.0,1.0
Wine-c1(1cls),real,2,71,13,1,UniForCE,1,0.002198934555053711,1.0,1.0,1.0
Wine-c1(1cls),real,3,71,13,1,UniForCE,1,0.0017309188842773438,1.0,1.0,1.0
Wine-c1(1cls),real,4,71,13,1,UniForCE,1,0.003214120864868164,1.0,1.0,1.0
Wine-c1(1cls),real,5,71,13,1,UniForCE,1,0.001664876937866211,1.0,1.0,1.0
Wine-c1(1cls),real,6,71,13,1,UniForCE,1,0.0015444755554199219,1.0,1.0,1.0
Wine-c1(1cls),real,7,71,13,1,UniForCE,1,0.0015208721160888672,1.0,1.0,1.0
Wine-c1(1cls),real,8,71,13,1,UniForCE,1,0.0016827583312988281,1.0,1.0,1.0
Wine-c1(1cls),real,9,71,13,1,UniForCE,1,0.0022652149200439453,1.0,1.0,1.0
Iris-setosa(1cls),real,0,50,4,1,UniForCE,1,0.002285003662109375,1.0,1.0,1.0
Iris-setosa(1cls),real,1,50,4,1,UniForCE,1,0.0023124217987060547,1.0,1.0,1.0
Iris-setosa(1cls),real,2,50,4,1,UniForCE,1,0.0029947757720947266,1.0,1.0,1.0
Iris-setosa(1cls),real,3,50,4,1,UniForCE,1,0.0022819042205810547,1.0,1.0,1.0
Iris-setosa(1cls),real,4,50,4,1,UniForCE,1,0.0020263195037841797,1.0,1.0,1.0
Iris-setosa(1cls),real,5,50,4,1,UniForCE,1,0.002332925796508789,1.0,1.0,1.0
Iris-setosa(1cls),real,6,50,4,1,UniForCE,1,0.002170562744140625,1.0,1.0,1.0
Iris-setosa(1cls),real,7,50,4,1,UniForCE,1,0.0027875900268554688,1.0,1.0,1.0
Iris-setosa(1cls),real,8,50,4,1,UniForCE,1,0.002800464630126953,1.0,1.0,1.0
Iris-setosa(1cls),real,9,50,4,1,UniForCE,1,0.0036611557006835938,1.0,1.0,1.0
Digits-PCA10,real,6,1797,10,10,UniForCE,2,1.2624084949493408,0.044109971613494746,0.22894094116610456,0.2304310923746582
Digits-PCA10,real,7,1797,10,10,UniForCE,1,1.194643259048462,0.0,0.0,0.0
Digits-PCA10,real,8,1797,10,10,UniForCE,1,1.2081639766693115,0.0,0.0,0.0
Digits-PCA10,real,9,1797,10,10,UniForCE,2,1.3021643161773682,0.04464587559242826,0.2295371397157646,0.23102453721517965
